"CdS","Coorte","Genere","Voto_test","Crediti_convoto","Crediti_totali","Voto_medio","Scuola_provenienza","Esame_Matematica","Voto_Matematica"
"CdS1",2010,"M",0.969922254633041,27,57,24,"LC","EsameMatematica",20
"CdS1",2010,"M",-0.159344370404,9,9,24,"LS","EsameMatematica",20
"CdS1",2010,"F",-1.06275767043363,21,30,20,"LS","EsameMatematica",25
"CdS1",2010,"F",0.292362279610817,39,51,26,"LS","EsameMatematica",30
"CdS1",2010,"F",-0.159344370404,45,54,23,"TC","EsameMatematica",24
"CdS1",2010,"F",0.969922254633041,57,69,28,"LS","EsameMatematica",27
"CdS1",2010,"F",0.0665089546034082,57,66,26,"LS","EsameMatematica",23
"CdS1",2010,"M",0.969922254633041,57,69,30,"LS","EsameMatematica",29
"CdS1",2010,"F",0.744068929625633,39,72,24,"LS","EsameMatematica",26
"CdS1",2010,"M",-0.385197695411408,33,45,21,"LS","EsameMatematica",19
"CdS1",2010,"F",0.292362279610817,21,21,22,"LC","Non superato",0
"CdS1",2010,"M",0.518215604618225,33,42,24,"LS","EsameMatematica",21
"CdS1",2010,"M",1.64748222965527,57,69,30,"LS","EsameMatematica",31
"CdS1",2010,"M",0.0665089546034082,33,60,20,"IT","Non superato",0
"CdS1",2010,"F",1.42162890464786,21,39,22,"LS","EsameMatematica",25
"CdS1",2010,"F",0.292362279610817,45,54,21,"LS","EsameMatematica",21
"CdS1",2010,"F",0.969922254633041,57,69,29,"LS","EsameMatematica",30
"CdS1",2010,"M",-1.06275767043363,15,24,24,"IT","Non superato",0
"CdS1",2010,"M",0.744068929625633,57,69,25,"LS","EsameMatematica",21
"CdS1",2010,"M",1.19577557964045,57,66,27,"LS","EsameMatematica",27
"CdS1",2010,"M",0.518215604618225,57,69,28,"LS","EsameMatematica",26
"CdS1",2010,"M",-0.385197695411408,42,51,24,"LS","EsameMatematica",20
"CdS1",2010,"M",-1.28861099544104,3,3,22,"IT","Non superato",0
"CdS1",2010,"M",0.0665089546034082,57,66,27,"IT","EsameMatematica",26
"CdS1",2010,"M",1.19577557964045,45,57,24,"LS","EsameMatematica",20
"CdS1",2010,"F",1.19577557964045,12,12,29,"LS","Non superato",0
"CdS1",2010,"M",0.518215604618225,57,69,28,"LS","EsameMatematica",26
"CdS1",2010,"F",-0.611051020418817,45,57,23,"LC","EsameMatematica",22
"CdS1",2010,"M",0.518215604618225,57,69,30,"LC","EsameMatematica",31
"CdS1",2010,"F",0.744068929625633,57,66,28,"LS","EsameMatematica",25
"CdS1",2010,"M",0.292362279610817,57,69,22,"LS","EsameMatematica",22
"CdS1",2010,"M",0.0665089546034082,30,42,20,"LC","EsameMatematica",20
"CdS1",2010,"M",0.0665089546034082,9,18,24,"LS","Non superato",0
"CdS1",2010,"M",1.64748222965527,57,69,30,"LS","EsameMatematica",30
"CdS1",2010,"F",-0.385197695411408,6,6,24,"LS","Non superato",0
"CdS1",2010,"F",0.292362279610817,45,57,23,"LS","EsameMatematica",21
"CdS1",2010,"M",-0.611051020418817,21,33,24,"LC","EsameMatematica",22
"CdS1",2010,"F",0.744068929625633,57,66,23,"LS","EsameMatematica",24
"CdS1",2010,"M",-0.385197695411408,33,45,21,"LS","EsameMatematica",27
"CdS1",2010,"M",1.42162890464786,57,69,30,"LS","EsameMatematica",30
"CdS1",2010,"M",1.42162890464786,57,69,28,"LS","EsameMatematica",25
"CdS1",2010,"F",-1.96617097046327,0,3,0,"Altro","Non superato",0
"CdS1",2010,"M",1.42162890464786,57,66,28,"LS","EsameMatematica",26
"CdS1",2010,"M",-0.385197695411408,3,3,25,"IT","Non superato",0
"CdS1",2010,"M",0.518215604618225,12,21,21,"LS","EsameMatematica",24
"CdS1",2010,"M",1.42162890464786,51,69,24,"LS","EsameMatematica",23
"CdS1",2010,"M",-1.06275767043363,9,9,26,"TC","Non superato",0
"CdS1",2010,"M",0.292362279610817,45,57,26,"LS","EsameMatematica",27
"CdS1",2010,"M",0.969922254633041,57,69,25,"LS","EsameMatematica",22
"CdS1",2010,"M",0.969922254633041,45,54,20,"LS","EsameMatematica",23
"CdS1",2010,"M",0.744068929625633,54,63,23,"LS","EsameMatematica",18
"CdS1",2010,"M",0.0665089546034082,27,30,24,"LS","EsameMatematica",30
"CdS1",2010,"F",0.0665089546034082,21,30,23,"LC","EsameMatematica",21
"CdS1",2010,"F",-1.28861099544104,6,10,25,"LS","Non superato",0
"CdS1",2010,"M",-1.74031764545586,0,3,0,"TC","Non superato",0
"CdS1",2010,"M",0.969922254633041,57,69,28,"LS","EsameMatematica",23
"CdS1",2010,"F",0.0665089546034082,45,57,26,"LS","EsameMatematica",19
"CdS1",2010,"M",0.292362279610817,57,69,26,"LS","EsameMatematica",24
"CdS1",2010,"M",0.0665089546034082,42,51,21,"LS","EsameMatematica",22
"CdS1",2010,"F",-1.28861099544104,3,6,20,"LS","Non superato",0
"CdS1",2010,"F",-3.09543759550031,0,3,0,"TC","Non superato",0
"CdS1",2010,"M",1.64748222965527,57,69,28,"LS","EsameMatematica",28
"CdS1",2010,"M",-2.41787762047808,6,6,24,"TC","Non superato",0
"CdS2",2010,"M",0.0665089546034082,0,3,0,"TC","Non superato",0
"CdS2",2010,"M",0.518215604618225,21,24,25,"LS","EsameMatematica",23
"CdS2",2010,"M",-1.06275767043363,0,3,0,"LS","Non superato",0
"CdS2",2010,"M",-1.74031764545586,24,24,25,"IT","EsameMatematica",24
"CdS2",2010,"M",-0.159344370404,0,18,0,"IT","Non superato",0
"CdS2",2010,"M",-3.99885089552994,0,12,0,"IT","Non superato",0
"CdS2",2010,"M",-0.611051020418817,12,12,26,"TC","Non superato",0
"CdS2",2010,"F",-1.28861099544104,0,12,0,"LS","EsameMatematica",0
"CdS2",2010,"M",-0.836904345426225,12,15,25,"Altro","Non superato",0
"CdS2",2010,"M",0.0665089546034082,36,39,25,"LS","EsameMatematica",23
"CdS2",2010,"M",0.744068929625633,57,60,29,"IT","EsameMatematica",30
"CdS2",2010,"M",-1.06275767043363,12,12,22,"TC","EsameMatematica",19
"CdS2",2010,"F",0.292362279610817,57,60,29,"LS","EsameMatematica",31
"CdS2",2010,"M",-0.159344370404,45,45,28,"IT","EsameMatematica",30
"CdS2",2010,"M",0.518215604618225,24,24,27,"IT","Non superato",0
"CdS2",2010,"F",-0.836904345426225,45,48,27,"Altro","EsameMatematica",23
"CdS2",2010,"F",-0.836904345426225,12,15,22,"TC","EsameMatematica",18
"CdS2",2010,"M",-0.611051020418817,36,39,24,"LC","EsameMatematica",24
"CdS2",2010,"F",0.0665089546034082,12,36,30,"TC","EsameMatematica",30
"CdS2",2010,"M",-0.385197695411408,24,24,25,"TC","EsameMatematica",24
"CdS2",2010,"M",0.0665089546034082,45,45,29,"IT","EsameMatematica",30
"CdS2",2010,"F",-0.159344370404,12,18,25,"LS","Non superato",0
"CdS2",2010,"M",-0.159344370404,57,60,27,"IT","EsameMatematica",28
"CdS2",2010,"F",-1.06275767043363,36,39,26,"IT","EsameMatematica",28
"CdS2",2010,"F",-1.96617097046327,12,15,22,"LS","Non superato",0
"CdS2",2010,"M",0.292362279610817,45,48,27,"LS","EsameMatematica",30
"CdS2",2010,"M",-0.385197695411408,57,60,29,"LS","EsameMatematica",28
"CdS2",2010,"M",-1.51446432044845,24,24,20,"LS","EsameMatematica",19
"CdS2",2010,"M",0.0665089546034082,24,24,31,"IT","EsameMatematica",30
"CdS2",2010,"M",-0.611051020418817,0,3,0,"IT","Non superato",0
"CdS2",2010,"M",0.969922254633041,36,39,27,"LS","EsameMatematica",29
"CdS2",2010,"F",-1.51446432044845,12,18,18,"LS","Non superato",0
"CdS2",2010,"M",-0.159344370404,9,9,20,"LS","EsameMatematica",24
"CdS2",2010,"M",-1.28861099544104,12,12,18,"IT","EsameMatematica",25
"CdS2",2010,"M",-1.74031764545586,12,12,24,"IP","EsameMatematica",20
"CdS3",2010,"F",-0.385197695411408,48,57,25,"LS","EsameMatematica",25
"CdS3",2010,"F",-0.836904345426225,30,36,24,"LS","EsameMatematica",23
"CdS3",2010,"M",1.42162890464786,57,60,30,"LS","EsameMatematica",31
"CdS3",2010,"F",-0.611051020418817,0,3,0,"LS","Non superato",0
"CdS3",2010,"M",-0.611051020418817,30,33,21,"LS","EsameMatematica",24
"CdS3",2010,"F",0.292362279610817,15,36,26,"IT","EsameMatematica",26
"CdS3",2010,"F",0.292362279610817,30,33,25,"LS","EsameMatematica",23
"CdS3",2010,"M",1.42162890464786,30,30,26,"LS","EsameMatematica",30
"CdS3",2010,"F",0.969922254633041,57,60,27,"LS","EsameMatematica",31
"CdS3",2010,"M",0.0665089546034082,15,27,19,"LS","EsameMatematica",19
"CdS3",2010,"M",-0.385197695411408,0,3,0,"Altro","Non superato",0
"CdS3",2010,"M",1.64748222965527,57,60,29,"LS","EsameMatematica",30
"CdS3",2010,"F",0.518215604618225,39,42,23,"LS","EsameMatematica",24
"CdS3",2010,"M",0.518215604618225,57,60,29,"LS","EsameMatematica",30
"CdS3",2010,"M",1.64748222965527,57,60,30,"LS","EsameMatematica",31
"CdS3",2010,"F",1.19577557964045,39,42,25,"LS","EsameMatematica",28
"CdS3",2010,"M",-0.385197695411408,15,21,18,"IT","EsameMatematica",18
"CdS3",2010,"M",1.19577557964045,57,60,30,"LS","EsameMatematica",30
"CdS3",2010,"F",-0.836904345426225,0,3,0,"LC","Non superato",0
"CdS3",2010,"M",-1.06275767043363,15,18,22,"LS","EsameMatematica",22
"CdS3",2010,"F",1.42162890464786,33,36,25,"LS","EsameMatematica",28
"CdS3",2010,"M",1.64748222965527,57,60,29,"LS","EsameMatematica",30
"CdS3",2010,"M",-0.159344370404,21,36,23,"LS","EsameMatematica",23
"CdS3",2010,"M",-0.159344370404,21,36,23,"LS","EsameMatematica",23
"CdS3",2010,"M",-0.159344370404,9,9,18,"TC","Non superato",0
"CdS3",2010,"F",1.42162890464786,48,51,22,"LS","EsameMatematica",25
"CdS3",2010,"F",-0.385197695411408,39,42,25,"LS","EsameMatematica",26
"CdS3",2010,"F",0.292362279610817,48,51,26,"LS","EsameMatematica",31
"CdS3",2010,"F",1.19577557964045,48,51,23,"LS","EsameMatematica",28
"CdS3",2010,"F",-0.611051020418817,0,3,0,"LS","Non superato",0
"CdS3",2010,"F",-1.51446432044845,0,3,0,"LS","Non superato",0
"CdS3",2010,"F",0.518215604618225,30,33,24,"LS","EsameMatematica",20
"CdS3",2010,"F",0.0665089546034082,30,33,18,"LS","EsameMatematica",18
"CdS3",2010,"F",-0.836904345426225,39,39,27,"LS","EsameMatematica",25
"CdS3",2010,"F",0.744068929625633,15,18,21,"LS","EsameMatematica",21
"CdS3",2010,"F",-0.611051020418817,0,6,0,"LC","EsameMatematica",22
"CdS3",2010,"M",1.42162890464786,48,51,24,"LS","EsameMatematica",28
"CdS3",2010,"F",-0.159344370404,15,18,23,"LC","EsameMatematica",23
"CdS3",2010,"M",1.42162890464786,15,27,28,"LS","EsameMatematica",28
"CdS3",2010,"F",0.518215604618225,48,51,24,"LC","EsameMatematica",28
"CdS3",2010,"M",0.744068929625633,24,27,19,"LS","EsameMatematica",20
"CdS3",2010,"F",-0.159344370404,18,22,19,"LS","EsameMatematica",19
"CdS3",2010,"F",-0.159344370404,18,22,19,"LS","EsameMatematica",19
"CdS3",2010,"M",0.969922254633041,30,33,23,"LS","EsameMatematica",26
"CdS3",2010,"M",0.0665089546034082,57,60,28,"LS","EsameMatematica",31
"CdS3",2010,"F",-1.74031764545586,30,33,24,"LS","EsameMatematica",24
"CdS3",2010,"F",-0.159344370404,15,15,18,"LS","EsameMatematica",18
"CdS3",2010,"F",0.969922254633041,48,51,25,"LS","EsameMatematica",31
"CdS3",2010,"F",-1.51446432044845,15,15,21,"LS","EsameMatematica",21
"CdS3",2010,"F",0.292362279610817,15,18,19,"LC","EsameMatematica",19
"CdS3",2010,"M",0.0665089546034082,30,33,22,"LS","EsameMatematica",25
"CdS3",2010,"F",0.518215604618225,39,42,26,"LS","EsameMatematica",28
"CdS3",2010,"F",-0.611051020418817,15,18,18,"LS","EsameMatematica",18
"CdS3",2010,"F",-1.06275767043363,30,57,27,"LC","EsameMatematica",28
"CdS3",2010,"F",0.0665089546034082,0,3,0,"IT","Non superato",0
"CdS3",2010,"M",-0.159344370404,15,18,24,"LS","EsameMatematica",24
"CdS3",2010,"F",-1.28861099544104,0,3,0,"TC","Non superato",0
"CdS3",2010,"F",-0.159344370404,15,18,19,"TC","EsameMatematica",19
"CdS3",2010,"F",-0.836904345426225,0,3,0,"IT","Non superato",0
"CdS3",2010,"F",0.0665089546034082,15,42,23,"LS","EsameMatematica",23
"CdS3",2010,"F",0.518215604618225,24,27,24,"LS","EsameMatematica",27
"CdS3",2010,"F",1.42162890464786,30,30,24,"LS","EsameMatematica",25
"CdS3",2010,"M",-1.28861099544104,15,15,18,"LS","EsameMatematica",18
"CdS3",2010,"M",0.969922254633041,30,33,27,"LS","EsameMatematica",26
"CdS3",2010,"M",-0.836904345426225,0,6,0,"LS","Non superato",0
"CdS1",2011,"M",0.114358365949001,21,21,21,"LS","EsameMatematica",21
"CdS1",2011,"M",0.54757476401463,57,60,25,"LS","EsameMatematica",26
"CdS1",2011,"M",-0.535466231149441,57,60,24,"LC","EsameMatematica",29
"CdS1",2011,"F",0.980791162080258,45,48,26,"LS","EsameMatematica",30
"CdS1",2011,"F",-1.18529082824788,30,33,24,"Altro","EsameMatematica",27
"CdS1",2011,"M",-0.318858032116627,45,93,28,"IT","EsameMatematica",30
"CdS1",2011,"F",0.330966564981816,45,48,25,"LS","EsameMatematica",24
"CdS1",2011,"M",0.980791162080258,57,60,29,"LS","EsameMatematica",30
"CdS1",2011,"M",0.980791162080258,57,60,29,"LS","EsameMatematica",29
"CdS1",2011,"M",-0.535466231149441,45,45,27,"LS","EsameMatematica",31
"CdS1",2011,"M",0.114358365949001,57,60,26,"IT","EsameMatematica",30
"CdS1",2011,"M",1.19739936111307,57,60,30,"LS","EsameMatematica",29
"CdS1",2011,"F",-0.102249833083813,39,42,26,"LS","EsameMatematica",24
"CdS1",2011,"M",1.41400756014589,57,60,31,"LS","EsameMatematica",31
"CdS1",2011,"M",-0.318858032116627,27,30,22,"IT","EsameMatematica",21
"CdS1",2011,"M",1.19739936111307,39,42,28,"IT","EsameMatematica",30
"CdS1",2011,"M",-0.318858032116627,24,27,20,"LS","EsameMatematica",18
"CdS1",2011,"M",0.764182963047444,12,15,20,"LS","EsameMatematica",20
"CdS1",2011,"F",-1.61850722631351,18,18,21,"LS","EsameMatematica",19
"CdS1",2011,"F",-0.535466231149441,57,60,25,"Altro","EsameMatematica",24
"CdS1",2011,"M",1.19739936111307,51,54,24,"LS","EsameMatematica",26
"CdS1",2011,"F",0.764182963047444,45,48,26,"LS","EsameMatematica",29
"CdS1",2011,"M",1.19739936111307,57,57,26,"LS","EsameMatematica",31
"CdS1",2011,"M",1.6306157591787,57,60,28,"LS","EsameMatematica",31
"CdS1",2011,"F",1.41400756014589,57,60,29,"LC","EsameMatematica",31
"CdS1",2011,"F",1.6306157591787,45,48,28,"LS","EsameMatematica",27
"CdS1",2011,"M",-0.102249833083813,57,60,24,"LS","EsameMatematica",22
"CdS1",2011,"M",0.330966564981816,45,45,25,"LS","EsameMatematica",30
"CdS1",2011,"M",-1.18529082824788,12,12,26,"LS","EsameMatematica",23
"CdS1",2011,"M",1.41400756014589,57,60,29,"LC","EsameMatematica",30
"CdS1",2011,"F",1.19739936111307,57,60,27,"LS","EsameMatematica",28
"CdS1",2011,"M",-0.318858032116627,39,42,25,"LC","EsameMatematica",23
"CdS1",2011,"M",0.764182963047444,18,18,20,"LS","EsameMatematica",21
"CdS1",2011,"M",-0.318858032116627,57,60,23,"LC","EsameMatematica",21
"CdS1",2011,"F",0.114358365949001,57,57,25,"LS","EsameMatematica",30
"CdS1",2011,"F",-0.535466231149441,39,42,21,"LC","EsameMatematica",20
"CdS1",2011,"M",-0.102249833083813,12,12,28,"IT","EsameMatematica",21
"CdS1",2011,"M",1.6306157591787,57,60,28,"LS","EsameMatematica",31
"CdS1",2011,"M",0.330966564981816,57,57,26,"LS","EsameMatematica",25
"CdS1",2011,"F",-0.318858032116627,45,45,27,"LS","EsameMatematica",25
"CdS1",2011,"M",1.19739936111307,57,60,27,"LS","EsameMatematica",28
"CdS1",2011,"M",0.980791162080258,57,60,26,"LS","EsameMatematica",28
"CdS1",2011,"M",-0.318858032116627,0,3,0,"LS","Non superato",0
"CdS1",2011,"F",-0.96868262921507,0,3,0,"Altro","Non superato",0
"CdS1",2011,"F",-0.96868262921507,0,3,0,"Altro","Non superato",0
"CdS1",2011,"M",-0.318858032116627,6,27,24,"TC","EsameMatematica",20
"CdS1",2011,"M",-0.318858032116627,30,33,25,"LS","EsameMatematica",31
"CdS1",2011,"M",0.764182963047444,57,60,27,"LS","EsameMatematica",30
"CdS1",2011,"M",-0.318858032116627,33,36,22,"LS","EsameMatematica",22
"CdS1",2011,"F",-0.96868262921507,36,51,26,"LC","EsameMatematica",25
"CdS1",2011,"F",-0.96868262921507,36,51,26,"LC","EsameMatematica",26
"CdS1",2011,"M",-0.102249833083813,57,57,23,"Altro","EsameMatematica",22
"CdS1",2011,"M",-0.535466231149441,24,51,23,"IT","EsameMatematica",23
"CdS1",2011,"F",-1.18529082824788,6,9,23,"TC","Non superato",0
"CdS1",2011,"F",-0.535466231149441,6,9,23,"IT","Non superato",0
"CdS1",2011,"M",0.114358365949001,57,60,27,"LC","EsameMatematica",30
"CdS1",2011,"M",-0.318858032116627,36,36,24,"IT","EsameMatematica",22
"CdS1",2011,"M",0.114358365949001,45,48,24,"LS","EsameMatematica",24
"CdS1",2011,"M",-1.4018990272807,0,3,0,"IT","Non superato",0
"CdS1",2011,"M",-0.752074430182255,57,60,24,"IT","EsameMatematica",30
"CdS1",2011,"F",-1.18529082824788,18,21,23,"LC","EsameMatematica",21
"CdS1",2011,"M",0.114358365949001,45,48,27,"LC","EsameMatematica",28
"CdS1",2011,"M",-3.78458921664165,24,27,27,"LS","EsameMatematica",24
"CdS1",2011,"M",-0.96868262921507,12,18,18,"IP","Non superato",0
"CdS1",2011,"M",-0.535466231149441,12,18,18,"Altro","Non superato",0
"CdS2",2011,"M",-2.48494002244477,0,4,0,"Altro","Non superato",0
"CdS2",2011,"F",-0.752074430182255,12,15,25,"LS","EsameMatematica",26
"CdS2",2011,"M",-0.102249833083813,24,24,24,"IT","EsameMatematica",27
"CdS2",2011,"M",-0.752074430182255,24,24,25,"LS","EsameMatematica",25
"CdS2",2011,"M",-1.18529082824788,0,6,0,"LS","Non superato",0
"CdS2",2011,"M",-0.96868262921507,0,6,0,"LS","Non superato",0
"CdS2",2011,"M",-0.752074430182255,24,24,25,"IT","Non superato",0
"CdS2",2011,"M",-0.96868262921507,36,36,28,"TC","EsameMatematica",21
"CdS2",2011,"M",-0.102249833083813,24,27,27,"LS","EsameMatematica",26
"CdS2",2011,"F",0.330966564981816,24,24,28,"Altro","EsameMatematica",31
"CdS2",2011,"M",-1.18529082824788,57,57,27,"IP","EsameMatematica",30
"CdS2",2011,"M",-1.18529082824788,24,24,22,"Altro","Non superato",0
"CdS2",2011,"M",-0.318858032116627,33,33,23,"LS","EsameMatematica",18
"CdS2",2011,"M",-1.4018990272807,36,39,27,"LS","EsameMatematica",26
"CdS2",2011,"F",0.54757476401463,0,3,0,"LS","Non superato",0
"CdS2",2011,"M",-0.96868262921507,36,39,24,"LS","EsameMatematica",24
"CdS2",2011,"M",0.114358365949001,12,12,23,"LS","EsameMatematica",21
"CdS2",2011,"M",-0.96868262921507,0,3,0,"LS","EsameMatematica",20
"CdS2",2011,"M",-0.102249833083813,57,60,23,"IT","EsameMatematica",26
"CdS2",2011,"M",-0.318858032116627,24,27,23,"IT","EsameMatematica",20
"CdS2",2011,"M",-1.18529082824788,24,27,24,"LC","EsameMatematica",27
"CdS2",2011,"M",-0.318858032116627,48,51,27,"LS","EsameMatematica",26
"CdS2",2011,"M",0.330966564981816,24,24,24,"LS","EsameMatematica",23
"CdS2",2011,"M",-0.318858032116627,12,15,20,"IT","Non superato",0
"CdS2",2011,"M",-0.102249833083813,36,36,29,"IT","EsameMatematica",30
"CdS2",2011,"M",-0.96868262921507,24,24,23,"TC","EsameMatematica",20
"CdS2",2011,"M",-0.102249833083813,24,27,23,"Altro","EsameMatematica",24
"CdS2",2011,"M",0.54757476401463,36,36,26,"IT","EsameMatematica",24
"CdS2",2011,"M",-0.752074430182255,12,12,27,"IT","EsameMatematica",27
"CdS2",2011,"M",-3.78458921664165,24,24,24,"LS","EsameMatematica",24
"CdS2",2011,"M",0.330966564981816,57,60,25,"LS","EsameMatematica",28
"CdS2",2011,"M",-0.102249833083813,12,15,25,"LS","EsameMatematica",26
"CdS2",2011,"M",-0.752074430182255,12,12,24,"LS","EsameMatematica",23
"CdS2",2011,"M",-1.18529082824788,48,48,27,"IT","EsameMatematica",25
"CdS2",2011,"M",0.330966564981816,33,36,26,"LS","EsameMatematica",28
"CdS2",2011,"M",-0.752074430182255,24,24,25,"LS","Non superato",0
"CdS2",2011,"M",-2.26833182341195,0,3,0,"Altro","Non superato",0
"CdS2",2011,"F",-1.18529082824788,12,12,27,"TC","Non superato",0
"CdS2",2011,"M",0.114358365949001,12,12,26,"IT","EsameMatematica",26
"CdS2",2011,"M",-0.102249833083813,24,24,25,"IT","EsameMatematica",27
"CdS3",2011,"M",-0.752074430182255,15,27,23,"LS","Non superato",0
"CdS3",2011,"F",0.980791162080258,48,51,27,"LS","EsameMatematica",27
"CdS3",2011,"F",0.330966564981816,15,15,18,"Altro","EsameMatematica",20
"CdS3",2011,"M",1.41400756014589,48,51,26,"LC","EsameMatematica",25
"CdS3",2011,"M",-1.18529082824788,15,18,20,"IT","EsameMatematica",19
"CdS3",2011,"F",-0.96868262921507,48,51,27,"LS","EsameMatematica",29
"CdS3",2011,"M",1.19739936111307,48,51,30,"LS","EsameMatematica",31
"CdS3",2011,"F",0.764182963047444,48,51,30,"LS","EsameMatematica",31
"CdS3",2011,"M",1.19739936111307,39,42,30,"LS","EsameMatematica",30
"CdS3",2011,"F",-0.318858032116627,0,3,0,"TC","Non superato",0
"CdS3",2011,"M",1.6306157591787,57,60,29,"LS","EsameMatematica",31
"CdS3",2011,"M",1.19739936111307,48,51,29,"LS","EsameMatematica",29
"CdS3",2011,"M",0.980791162080258,39,39,27,"LS","EsameMatematica",25
"CdS3",2011,"M",0.980791162080258,39,42,25,"LS","EsameMatematica",27
"CdS3",2011,"F",0.764182963047444,39,42,23,"LS","EsameMatematica",26
"CdS3",2011,"F",1.19739936111307,30,33,25,"LS","EsameMatematica",24
"CdS3",2011,"F",1.19739936111307,30,33,27,"LS","EsameMatematica",27
"CdS3",2011,"M",1.6306157591787,15,18,30,"LS","EsameMatematica",30
"CdS3",2011,"F",-0.102249833083813,0,3,0,"TC","Non superato",0
"CdS3",2011,"M",1.6306157591787,39,42,29,"LS","EsameMatematica",30
"CdS3",2011,"M",0.114358365949001,48,51,24,"LC","EsameMatematica",24
"CdS3",2011,"F",-0.96868262921507,39,42,25,"LC","EsameMatematica",21
"CdS3",2011,"M",0.764182963047444,18,21,24,"LS","Non superato",0
"CdS3",2011,"M",0.330966564981816,48,51,29,"LS","EsameMatematica",28
"CdS3",2011,"F",0.114358365949001,0,5,0,"LC","Non superato",0
"CdS3",2011,"F",0.54757476401463,39,42,21,"LS","EsameMatematica",20
"CdS3",2011,"M",1.41400756014589,15,18,18,"LS","EsameMatematica",18
"CdS3",2011,"F",-0.318858032116627,0,3,0,"LS","Non superato",0
"CdS3",2011,"F",1.6306157591787,30,33,26,"LS","EsameMatematica",25
"CdS3",2011,"F",0.764182963047444,48,54,23,"LS","EsameMatematica",26
"CdS3",2011,"M",0.980791162080258,15,15,29,"LS","EsameMatematica",29
"CdS3",2011,"F",0.764182963047444,30,33,23,"LS","EsameMatematica",24
"CdS3",2011,"F",1.41400756014589,9,12,30,"LS","EsameMatematica",25
"CdS3",2011,"F",0.54757476401463,39,42,28,"Altro","EsameMatematica",30
"CdS3",2011,"F",-1.4018990272807,24,27,22,"LC","EsameMatematica",24
"CdS3",2011,"F",-0.102249833083813,30,33,20,"LS","EsameMatematica",19
"CdS3",2011,"F",0.980791162080258,30,30,22,"LS","EsameMatematica",20
"CdS3",2011,"F",-0.318858032116627,30,33,21,"LS","EsameMatematica",19
"CdS3",2011,"M",-0.318858032116627,0,3,0,"IT","Non superato",0
"CdS3",2011,"M",-0.102249833083813,0,3,0,"LS","EsameMatematica",25
"CdS3",2011,"M",-0.535466231149441,15,15,20,"LS","EsameMatematica",24
"CdS3",2011,"F",-0.535466231149441,30,33,21,"Altro","EsameMatematica",20
"CdS3",2011,"F",-1.61850722631351,24,27,23,"TC","EsameMatematica",23
"CdS3",2011,"M",1.6306157591787,48,51,28,"LS","EsameMatematica",31
"CdS3",2011,"M",0.114358365949001,30,33,22,"LS","EsameMatematica",20
"CdS3",2011,"F",0.764182963047444,39,42,23,"LS","EsameMatematica",22
"CdS3",2011,"M",0.330966564981816,30,33,24,"LS","EsameMatematica",23
"CdS3",2011,"F",-0.318858032116627,0,3,0,"LS","Non superato",0
"CdS3",2011,"F",0.330966564981816,39,42,26,"Altro","EsameMatematica",26
"CdS3",2011,"F",0.330966564981816,30,33,24,"LS","EsameMatematica",21
"CdS3",2011,"M",1.41400756014589,48,51,24,"LS","EsameMatematica",23
"CdS3",2011,"M",-0.102249833083813,48,51,29,"LS","EsameMatematica",28
"CdS3",2011,"M",0.980791162080258,15,15,19,"LS","EsameMatematica",19
"CdS3",2011,"M",-0.752074430182255,15,18,25,"LS","EsameMatematica",23
"CdS3",2011,"M",1.19739936111307,42,48,24,"LS","EsameMatematica",26
"CdS3",2011,"M",1.19739936111307,42,48,24,"LS","EsameMatematica",26
"CdS1",2012,"F",-1.53604177362593,0,3,0,"Altro","Non superato",0
"CdS1",2012,"M",1.63741208315944,39,42,26,"LS","EsameMatematica",28
"CdS1",2012,"M",1.63741208315944,57,60,26,"LS","EsameMatematica",28
"CdS1",2012,"F",0.504035705736097,57,60,26,"LS","EsameMatematica",26
"CdS1",2012,"M",1.41073680767478,57,60,27,"LS","EsameMatematica",28
"CdS1",2012,"M",1.18406153219011,12,15,29,"LS","EsameMatematica",24
"CdS1",2012,"M",0.957386256705436,18,21,22,"LS","EsameMatematica",22
"CdS1",2012,"M",0.957386256705436,27,30,21,"LS","EsameMatematica",18
"CdS1",2012,"F",-0.62934067168725,57,60,26,"LC","EsameMatematica",26
"CdS1",2012,"M",1.18406153219011,57,60,27,"LS","EsameMatematica",30
"CdS1",2012,"M",0.277360430251428,39,39,22,"LS","Non superato",0
"CdS1",2012,"F",0.0506851547667584,33,33,21,"LS","EsameMatematica",23
"CdS1",2012,"M",1.86408735864411,63,66,31,"LS","EsameMatematica",31
"CdS1",2012,"M",0.957386256705436,57,60,25,"LS","EsameMatematica",25
"CdS1",2012,"M",1.41073680767478,57,60,29,"LS","EsameMatematica",28
"CdS1",2012,"F",0.277360430251428,33,36,24,"LS","EsameMatematica",24
"CdS1",2012,"M",-0.402665396202581,45,81,23,"LS","EsameMatematica",22
"CdS1",2012,"M",0.730710981220767,57,60,28,"LS","EsameMatematica",26
"CdS1",2012,"M",1.18406153219011,57,60,30,"LS","EsameMatematica",31
"CdS1",2012,"M",-1.08269122265659,18,21,21,"LS","Non superato",0
"CdS1",2012,"M",0.957386256705436,57,60,29,"LS","EsameMatematica",31
"CdS1",2012,"M",0.957386256705436,57,57,27,"LC","EsameMatematica",27
"CdS1",2012,"M",-0.856015947171919,39,42,22,"LS","EsameMatematica",19
"CdS1",2012,"M",-1.7627170491106,36,72,23,"LS","EsameMatematica",24
"CdS1",2012,"M",0.0506851547667584,51,54,23,"LS","EsameMatematica",20
"CdS1",2012,"M",-0.402665396202581,45,45,22,"LS","EsameMatematica",24
"CdS1",2012,"F",-0.856015947171919,45,48,25,"LS","EsameMatematica",24
"CdS1",2012,"M",-1.30936649814126,48,48,26,"IT","EsameMatematica",27
"CdS1",2012,"M",1.63741208315944,57,60,30,"LS","EsameMatematica",28
"CdS1",2012,"M",-0.62934067168725,33,87,25,"IT","EsameMatematica",23
"CdS1",2012,"F",0.277360430251428,57,60,26,"LS","EsameMatematica",27
"CdS1",2012,"F",0.504035705736097,24,27,24,"LS","EsameMatematica",23
"CdS1",2012,"M",1.41073680767478,63,66,29,"LS","EsameMatematica",27
"CdS1",2012,"F",0.277360430251428,24,24,22,"Altro","Non superato",0
"CdS1",2012,"M",0.730710981220767,57,60,23,"LS","EsameMatematica",24
"CdS1",2012,"F",0.730710981220767,57,60,27,"LS","EsameMatematica",27
"CdS1",2012,"M",0.957386256705436,57,60,28,"LS","EsameMatematica",26
"CdS1",2012,"M",-0.856015947171919,6,12,28,"LS","Non superato",0
"CdS1",2012,"M",0.0506851547667584,24,24,22,"LS","EsameMatematica",22
"CdS1",2012,"F",0.0506851547667584,39,42,27,"LC","EsameMatematica",25
"CdS1",2012,"M",-0.62934067168725,27,27,24,"LS","EsameMatematica",27
"CdS1",2012,"F",-0.402665396202581,57,60,25,"Altro","EsameMatematica",24
"CdS1",2012,"M",0.957386256705436,57,57,26,"LC","EsameMatematica",31
"CdS1",2012,"F",-1.08269122265659,0,3,0,"IT","Non superato",0
"CdS1",2012,"M",0.730710981220767,57,60,26,"LS","EsameMatematica",28
"CdS1",2012,"M",0.504035705736097,57,60,28,"LS","EsameMatematica",30
"CdS1",2012,"M",1.18406153219011,57,60,29,"LS","EsameMatematica",27
"CdS1",2012,"M",1.63741208315944,57,60,29,"LS","EsameMatematica",27
"CdS1",2012,"F",1.41073680767478,57,60,26,"LS","EsameMatematica",29
"CdS1",2012,"M",0.957386256705436,39,42,22,"LS","EsameMatematica",20
"CdS1",2012,"M",0.730710981220767,51,54,26,"LS","EsameMatematica",27
"CdS1",2012,"M",1.86408735864411,12,12,26,"IT","EsameMatematica",26
"CdS1",2012,"M",-0.62934067168725,39,42,24,"IT","EsameMatematica",25
"CdS1",2012,"F",0.957386256705436,45,48,25,"LS","EsameMatematica",26
"CdS1",2012,"F",0.277360430251428,21,24,24,"LS","EsameMatematica",28
"CdS1",2012,"M",1.18406153219011,69,123,28,"LS","EsameMatematica",25
"CdS1",2012,"M",1.18406153219011,69,123,28,"LS","EsameMatematica",25
"CdS1",2012,"M",0.957386256705436,33,33,26,"LS","EsameMatematica",26
"CdS1",2012,"M",1.86408735864411,6,9,29,"LC","Non superato",0
"CdS1",2012,"M",0.277360430251428,30,57,23,"LS","EsameMatematica",20
"CdS2",2012,"M",0.277360430251428,21,36,21,"IT","EsameMatematica",23
"CdS2",2012,"M",-1.53604177362593,36,39,25,"Altro","EsameMatematica",21
"CdS2",2012,"M",-0.402665396202581,36,9,24,"LS","EsameMatematica",24
"CdS2",2012,"M",-0.175990120717911,36,45,24,"LS","EsameMatematica",24
"CdS2",2012,"M",-2.21606760007994,0,3,0,"Altro","Non superato",0
"CdS2",2012,"M",-0.175990120717911,57,60,28,"Altro","EsameMatematica",24
"CdS2",2012,"M",-0.175990120717911,57,60,27,"IT","EsameMatematica",28
"CdS2",2012,"F",-1.30936649814126,24,27,24,"Altro","EsameMatematica",20
"CdS2",2012,"M",-0.175990120717911,57,60,26,"LS","EsameMatematica",27
"CdS2",2012,"M",0.0506851547667584,57,57,24,"LS","EsameMatematica",26
"CdS2",2012,"M",0.957386256705436,12,12,24,"IT","EsameMatematica",24
"CdS2",2012,"M",1.63741208315944,57,60,30,"IT","EsameMatematica",31
"CdS2",2012,"M",-0.856015947171919,21,21,23,"LS","EsameMatematica",26
"CdS2",2012,"M",-0.856015947171919,0,3,0,"IT","EsameMatematica",27
"CdS2",2012,"M",0.957386256705436,57,60,29,"Altro","EsameMatematica",31
"CdS2",2012,"M",-1.53604177362593,36,36,23,"LC","EsameMatematica",28
"CdS2",2012,"M",0.504035705736097,57,60,30,"IT","EsameMatematica",30
"CdS2",2012,"M",0.277360430251428,24,27,28,"IT","Non superato",0
"CdS2",2012,"M",-0.402665396202581,48,51,26,"LS","EsameMatematica",24
"CdS2",2012,"M",-1.98939232459527,36,39,22,"IT","EsameMatematica",20
"CdS2",2012,"M",-0.62934067168725,24,27,25,"LS","EsameMatematica",26
"CdS2",2012,"M",-0.62934067168725,24,24,31,"IT","EsameMatematica",27
"CdS2",2012,"M",-0.175990120717911,24,24,29,"LS","EsameMatematica",28
"CdS2",2012,"F",-0.856015947171919,24,27,26,"LS","EsameMatematica",22
"CdS2",2012,"M",-0.175990120717911,45,48,26,"LS","EsameMatematica",30
"CdS2",2012,"M",-1.30936649814126,0,3,0,"IT","Non superato",0
"CdS2",2012,"M",-1.30936649814126,48,51,29,"IT","EsameMatematica",27
"CdS2",2012,"M",-0.175990120717911,36,36,25,"LS","EsameMatematica",30
"CdS2",2012,"F",0.277360430251428,33,36,28,"LS","EsameMatematica",31
"CdS2",2012,"F",-0.402665396202581,36,36,28,"LC","EsameMatematica",23
"CdS2",2012,"M",-0.402665396202581,45,48,27,"IT","EsameMatematica",28
"CdS2",2012,"M",0.730710981220767,45,48,27,"IT","EsameMatematica",29
"CdS2",2012,"M",-1.53604177362593,0,3,0,"IT","Non superato",0
"CdS2",2012,"F",-0.856015947171919,21,24,28,"LS","EsameMatematica",30
"CdS2",2012,"M",-0.62934067168725,24,27,21,"IT","EsameMatematica",21
"CdS2",2012,"M",-1.7627170491106,0,3,0,"Altro","Non superato",0
"CdS2",2012,"F",-0.856015947171919,12,12,20,"LS","EsameMatematica",20
"CdS2",2012,"M",-1.30936649814126,45,48,27,"IT","EsameMatematica",28
"CdS2",2012,"F",-1.08269122265659,36,36,25,"Altro","EsameMatematica",21
"CdS2",2012,"M",-1.08269122265659,48,48,30,"IT","EsameMatematica",28
"CdS2",2012,"M",-0.856015947171919,33,36,28,"IT","EsameMatematica",28
"CdS2",2012,"M",-0.856015947171919,36,39,28,"IT","EsameMatematica",27
"CdS2",2012,"M",0.0506851547667584,0,3,0,"IT","Non superato",0
"CdS2",2012,"M",-0.175990120717911,24,24,26,"IT","Non superato",0
"CdS2",2012,"M",0.0506851547667584,36,36,26,"LS","EsameMatematica",25
"CdS2",2012,"F",-1.7627170491106,33,36,23,"Altro","EsameMatematica",24
"CdS2",2012,"M",-0.856015947171919,36,36,22,"LS","EsameMatematica",22
"CdS2",2012,"M",-0.175990120717911,24,24,23,"IT","Non superato",0
"CdS2",2012,"M",-1.08269122265659,36,36,31,"LS","EsameMatematica",31
"CdS2",2012,"M",-0.175990120717911,36,36,23,"IT","EsameMatematica",25
"CdS2",2012,"M",-1.53604177362593,36,36,25,"IT","EsameMatematica",22
"CdS2",2012,"M",-1.30936649814126,45,48,27,"IT","EsameMatematica",18
"CdS2",2012,"M",-0.856015947171919,24,24,23,"IT","EsameMatematica",20
"CdS2",2012,"M",-0.856015947171919,24,27,27,"IT","Non superato",0
"CdS2",2012,"M",-0.62934067168725,12,12,27,"IT","EsameMatematica",27
"CdS2",2012,"M",-1.08269122265659,24,27,23,"IT","EsameMatematica",20
"CdS2",2012,"M",-1.7627170491106,0,4,0,"LS","Non superato",0
"CdS2",2012,"M",-1.08269122265659,12,12,27,"IT","EsameMatematica",27
"CdS2",2012,"F",-1.08269122265659,57,60,25,"IT","EsameMatematica",24
"CdS2",2012,"M",0.730710981220767,45,45,28,"LS","EsameMatematica",29
"CdS2",2012,"M",-2.44274287556461,0,3,0,"Altro","Non superato",0
"CdS3",2012,"F",0.730710981220767,30,33,25,"LS","EsameMatematica",26
"CdS3",2012,"F",-0.62934067168725,39,42,25,"LS","EsameMatematica",25
"CdS3",2012,"F",0.504035705736097,30,33,24,"LS","EsameMatematica",25
"CdS3",2012,"F",0.0506851547667584,48,48,26,"LS","EsameMatematica",28
"CdS3",2012,"M",0.0506851547667584,30,33,22,"IT","EsameMatematica",24
"CdS3",2012,"M",1.18406153219011,39,42,26,"LS","EsameMatematica",27
"CdS3",2012,"F",-0.402665396202581,39,39,21,"Altro","EsameMatematica",20
"CdS3",2012,"M",0.0506851547667584,48,51,29,"IT","EsameMatematica",30
"CdS3",2012,"M",0.277360430251428,39,42,23,"LS","EsameMatematica",24
"CdS3",2012,"M",0.957386256705436,30,30,30,"LS","EsameMatematica",28
"CdS3",2012,"F",0.957386256705436,39,42,25,"LC","EsameMatematica",23
"CdS3",2012,"F",0.277360430251428,48,51,27,"LS","EsameMatematica",28
"CdS3",2012,"F",0.277360430251428,39,42,28,"LS","EsameMatematica",26
"CdS3",2012,"M",1.18406153219011,39,42,28,"LS","EsameMatematica",28
"CdS3",2012,"F",-1.98939232459527,39,45,27,"LC","EsameMatematica",28
"CdS3",2012,"F",1.63741208315944,48,51,30,"LS","EsameMatematica",30
"CdS3",2012,"M",0.504035705736097,48,48,22,"LS","EsameMatematica",19
"CdS3",2012,"F",-1.08269122265659,0,6,0,"Altro","Non superato",0
"CdS3",2012,"F",0.504035705736097,0,3,0,"Altro","Non superato",0
"CdS3",2012,"F",-0.175990120717911,15,27,19,"LS","EsameMatematica",19
"CdS3",2012,"M",-0.402665396202581,48,51,28,"LC","EsameMatematica",27
"CdS3",2012,"F",0.957386256705436,39,39,26,"LS","EsameMatematica",28
"CdS3",2012,"M",1.18406153219011,48,48,25,"LS","EsameMatematica",27
"CdS3",2012,"F",-0.402665396202581,39,42,23,"LS","EsameMatematica",23
"CdS3",2012,"F",0.730710981220767,48,51,20,"LS","EsameMatematica",22
"CdS3",2012,"F",0.730710981220767,48,51,27,"LS","EsameMatematica",28
"CdS3",2012,"F",-0.175990120717911,39,42,27,"LS","EsameMatematica",28
"CdS3",2012,"M",1.63741208315944,57,60,29,"LS","EsameMatematica",28
"CdS3",2012,"F",0.957386256705436,39,42,26,"LS","EsameMatematica",26
"CdS3",2012,"F",0.504035705736097,30,30,27,"LS","EsameMatematica",28
"CdS3",2012,"F",0.504035705736097,30,33,27,"Altro","EsameMatematica",27
"CdS3",2012,"M",-0.856015947171919,15,18,18,"LS","EsameMatematica",18
"CdS3",2012,"M",-0.402665396202581,0,3,0,"LS","Non superato",0
"CdS3",2012,"F",1.41073680767478,48,48,29,"LS","EsameMatematica",27
"CdS3",2012,"M",-0.62934067168725,39,42,31,"LC","EsameMatematica",31
"CdS3",2012,"M",0.0506851547667584,48,51,24,"LC","EsameMatematica",25
"CdS3",2012,"F",0.504035705736097,48,48,27,"LC","EsameMatematica",26
"CdS3",2012,"F",-0.402665396202581,30,30,28,"LS","EsameMatematica",28
"CdS3",2012,"M",1.41073680767478,39,42,24,"LS","EsameMatematica",22
"CdS3",2012,"F",-1.53604177362593,0,6,0,"Altro","Non superato",0
"CdS1",2013,"M",1.20046452650957,39,39,23,"LS","EsameMatematica",22
"CdS1",2013,"M",-0.406954414679114,24,39,20,"IT","EsameMatematica",20
"CdS1",2013,"M",-0.406954414679114,24,39,20,"IT","EsameMatematica",20
"CdS1",2013,"F",-0.607881782327698,24,30,20,"Altro","Non superato",0
"CdS1",2013,"M",1.40139189415815,21,21,22,"LS","EsameMatematica",24
"CdS1",2013,"M",1.20046452650957,57,57,29,"LS","EsameMatematica",25
"CdS1",2013,"M",-0.808809149976283,33,33,21,"IT","EsameMatematica",26
"CdS1",2013,"F",0.99953715886098,57,57,25,"LS","EsameMatematica",20
"CdS1",2013,"M",1.20046452650957,57,60,24,"LS","EsameMatematica",22
"CdS1",2013,"F",-0.0050996793819439,0,3,0,"LS","Non superato",0
"CdS1",2013,"M",1.60231926180673,57,60,28,"LS","EsameMatematica",26
"CdS1",2013,"M",0.396755055915226,39,39,28,"LS","EsameMatematica",26
"CdS1",2013,"F",0.99953715886098,57,60,24,"LS","EsameMatematica",21
"CdS1",2013,"F",0.195827688266641,39,42,23,"LS","EsameMatematica",27
"CdS1",2013,"M",-0.607881782327698,6,9,25,"IT","Non superato",0
"CdS1",2013,"M",1.40139189415815,57,60,30,"LS","EsameMatematica",31
"CdS1",2013,"M",-0.607881782327698,6,9,25,"IT","Non superato",0
"CdS1",2013,"M",-0.0050996793819439,39,42,26,"LC","EsameMatematica",31
"CdS1",2013,"M",1.60231926180673,57,57,27,"LS","EsameMatematica",25
"CdS1",2013,"F",0.195827688266641,57,60,25,"LC","EsameMatematica",23
"CdS1",2013,"F",-0.607881782327698,45,48,22,"LS","EsameMatematica",18
"CdS1",2013,"F",-1.21066388527345,0,3,0,"LC","Non superato",0
"CdS1",2013,"F",0.798609791212395,57,60,28,"LS","EsameMatematica",28
"CdS1",2013,"M",1.60231926180673,57,60,28,"LC","EsameMatematica",27
"CdS1",2013,"F",-0.406954414679114,18,18,19,"LS","EsameMatematica",18
"CdS1",2013,"M",0.597682423563811,39,42,22,"IT","EsameMatematica",18
"CdS1",2013,"M",1.20046452650957,57,57,27,"LS","EsameMatematica",31
"CdS1",2013,"M",1.40139189415815,27,27,27,"LS","EsameMatematica",28
"CdS1",2013,"F",-0.206027047030529,57,60,24,"LS","EsameMatematica",19
"CdS1",2013,"M",0.597682423563811,57,60,27,"LS","EsameMatematica",25
"CdS1",2013,"F",-0.206027047030529,33,33,24,"LS","EsameMatematica",27
"CdS1",2013,"M",1.40139189415815,57,60,27,"LS","EsameMatematica",31
"CdS1",2013,"F",0.195827688266641,57,57,26,"LS","EsameMatematica",25
"CdS1",2013,"M",-0.406954414679114,24,27,24,"LS","EsameMatematica",21
"CdS1",2013,"M",-0.0050996793819439,39,39,25,"LS","EsameMatematica",28
"CdS1",2013,"M",0.396755055915226,51,54,27,"LC","EsameMatematica",27
"CdS1",2013,"M",-0.808809149976283,6,12,24,"LS","Non superato",0
"CdS1",2013,"M",1.60231926180673,45,48,26,"LS","EsameMatematica",26
"CdS1",2013,"F",0.396755055915226,57,57,27,"LS","EsameMatematica",26
"CdS1",2013,"M",0.798609791212395,57,60,23,"LS","EsameMatematica",21
"CdS1",2013,"M",0.396755055915226,30,30,23,"LS","EsameMatematica",23
"CdS1",2013,"F",0.396755055915226,57,57,24,"LS","EsameMatematica",20
"CdS1",2013,"M",1.40139189415815,6,6,21,"LS","Non superato",0
"CdS1",2013,"M",1.40139189415815,39,42,25,"LS","EsameMatematica",28
"CdS1",2013,"M",0.597682423563811,36,42,26,"LS","EsameMatematica",28
"CdS1",2013,"M",0.99953715886098,45,45,26,"LS","EsameMatematica",25
"CdS1",2013,"F",0.195827688266641,27,27,22,"Altro","EsameMatematica",23
"CdS1",2013,"F",0.597682423563811,45,48,23,"LC","EsameMatematica",25
"CdS1",2013,"M",0.99953715886098,27,30,25,"LS","EsameMatematica",28
"CdS1",2013,"M",0.396755055915226,27,30,23,"LS","EsameMatematica",25
"CdS1",2013,"M",-0.206027047030529,42,60,24,"LC","EsameMatematica",20
"CdS1",2013,"M",-0.0050996793819439,51,54,23,"LS","EsameMatematica",20
"CdS1",2013,"M",1.40139189415815,51,54,29,"LS","EsameMatematica",27
"CdS1",2013,"M",-0.0050996793819439,57,60,24,"IT","EsameMatematica",27
"CdS1",2013,"M",0.99953715886098,57,57,27,"LC","EsameMatematica",25
"CdS1",2013,"M",0.99953715886098,51,54,25,"LS","EsameMatematica",28
"CdS1",2013,"F",1.40139189415815,9,18,25,"IT","EsameMatematica",27
"CdS1",2013,"M",0.195827688266641,18,21,23,"LS","EsameMatematica",23
"CdS1",2013,"M",-0.0050996793819439,30,30,21,"IT","EsameMatematica",19
"CdS1",2013,"M",-1.61251862057062,12,12,27,"LC","EsameMatematica",27
"CdS2",2013,"M",-1.61251862057062,12,12,22,"LC","Non superato",0
"CdS2",2013,"M",-1.81344598821921,0,12,0,"IT","Non superato",0
"CdS2",2013,"M",-0.808809149976283,0,3,0,"LS","Non superato",0
"CdS2",2013,"M",-0.808809149976283,12,15,21,"LS","EsameMatematica",21
"CdS2",2013,"M",-0.406954414679114,48,48,25,"IT","EsameMatematica",22
"CdS2",2013,"M",-0.607881782327698,21,24,27,"IT","EsameMatematica",29
"CdS2",2013,"M",0.195827688266641,48,51,27,"LS","EsameMatematica",28
"CdS2",2013,"M",0.798609791212395,12,12,24,"IT","EsameMatematica",24
"CdS2",2013,"M",-0.206027047030529,36,39,23,"IT","EsameMatematica",24
"CdS2",2013,"M",-0.206027047030529,36,36,25,"IT","EsameMatematica",30
"CdS2",2013,"F",-0.808809149976283,0,3,0,"IT","Non superato",0
"CdS2",2013,"M",-0.406954414679114,33,36,22,"IT","EsameMatematica",22
"CdS2",2013,"M",-0.808809149976283,36,36,24,"IT","EsameMatematica",26
"CdS2",2013,"M",0.396755055915226,57,57,30,"LS","EsameMatematica",30
"CdS2",2013,"M",0.597682423563811,57,60,29,"Altro","EsameMatematica",31
"CdS2",2013,"M",-0.206027047030529,45,48,27,"IT","EsameMatematica",30
"CdS2",2013,"M",-0.206027047030529,45,48,25,"LS","Non superato",0
"CdS2",2013,"F",-0.406954414679114,45,48,25,"LC","EsameMatematica",25
"CdS2",2013,"M",0.798609791212395,45,45,25,"IT","EsameMatematica",25
"CdS2",2013,"M",-0.808809149976283,45,48,27,"IT","EsameMatematica",29
"CdS2",2013,"M",0.597682423563811,24,24,29,"LS","EsameMatematica",30
"CdS2",2013,"M",0.195827688266641,12,12,30,"IT","EsameMatematica",26
"CdS2",2013,"F",-2.61715545881355,12,12,20,"Altro","Non superato",0
"CdS2",2013,"F",0.798609791212395,57,60,30,"LS","EsameMatematica",31
"CdS2",2013,"M",0.798609791212395,48,51,28,"Altro","EsameMatematica",30
"CdS2",2013,"M",-0.406954414679114,24,27,25,"IT","EsameMatematica",23
"CdS2",2013,"M",-0.607881782327698,36,39,28,"Altro","EsameMatematica",29
"CdS2",2013,"M",-1.00973651762487,36,36,29,"IT","EsameMatematica",29
"CdS2",2013,"F",-1.41159125292204,36,39,24,"Altro","EsameMatematica",23
"CdS2",2013,"M",0.195827688266641,57,57,27,"IT","EsameMatematica",30
"CdS2",2013,"M",-0.206027047030529,48,48,26,"IT","EsameMatematica",30
"CdS2",2013,"M",-1.00973651762487,36,36,23,"IT","EsameMatematica",26
"CdS2",2013,"F",-1.00973651762487,12,12,25,"IT","Non superato",0
"CdS2",2013,"M",-1.00973651762487,0,3,0,"IT","Non superato",0
"CdS2",2013,"F",-0.406954414679114,12,15,27,"LS","Non superato",0
"CdS2",2013,"M",1.60231926180673,57,60,31,"IT","EsameMatematica",31
"CdS2",2013,"F",-1.00973651762487,12,15,27,"LS","EsameMatematica",27
"CdS2",2013,"M",-0.406954414679114,48,51,28,"LS","EsameMatematica",30
"CdS2",2013,"M",-2.41622809116496,24,24,23,"LS","EsameMatematica",24
"CdS2",2013,"M",-0.0050996793819439,48,48,23,"IT","EsameMatematica",24
"CdS2",2013,"M",-1.00973651762487,36,39,23,"IT","EsameMatematica",27
"CdS2",2013,"M",-0.406954414679114,24,27,27,"IT","EsameMatematica",27
"CdS2",2013,"M",0.195827688266641,24,27,25,"IT","EsameMatematica",23
"CdS2",2013,"M",-0.0050996793819439,57,57,24,"IT","EsameMatematica",26
"CdS2",2013,"M",-1.81344598821921,24,27,26,"IT","EsameMatematica",30
"CdS2",2013,"M",-1.00973651762487,48,51,27,"IT","EsameMatematica",30
"CdS2",2013,"F",1.40139189415815,57,60,29,"LS","EsameMatematica",31
"CdS2",2013,"M",0.396755055915226,36,36,30,"IT","EsameMatematica",28
"CdS2",2013,"F",-1.81344598821921,0,6,0,"Altro","Non superato",0
"CdS2",2013,"M",0.195827688266641,57,60,25,"IT","EsameMatematica",30
"CdS2",2013,"M",-0.607881782327698,21,24,27,"IT","EsameMatematica",28
"CdS2",2013,"M",0.396755055915226,33,36,27,"IT","EsameMatematica",30
"CdS2",2013,"M",0.597682423563811,57,60,25,"IT","EsameMatematica",29
"CdS2",2013,"F",-1.61251862057062,36,39,23,"IT","EsameMatematica",25
"CdS2",2013,"M",-0.406954414679114,0,6,0,"LS","Non superato",0
"CdS2",2013,"M",-2.41622809116496,0,6,0,"LS","Non superato",0
"CdS2",2013,"F",-0.406954414679114,33,36,22,"Altro","EsameMatematica",26
"CdS2",2013,"F",-0.808809149976283,45,45,26,"Altro","EsameMatematica",27
"CdS2",2013,"M",-0.0050996793819439,36,36,24,"Altro","EsameMatematica",26
"CdS2",2013,"M",0.195827688266641,24,27,27,"IT","EsameMatematica",24
"CdS2",2013,"M",-1.81344598821921,12,15,23,"IT","EsameMatematica",25
"CdS2",2013,"M",-0.406954414679114,48,48,26,"Altro","EsameMatematica",25
"CdS2",2013,"M",-0.808809149976283,36,36,24,"IT","EsameMatematica",20
"CdS2",2013,"M",-0.0050996793819439,57,57,28,"LS","EsameMatematica",30
"CdS2",2013,"F",-2.21530072351638,12,15,21,"Altro","Non superato",0
"CdS2",2013,"F",-2.01437335586779,0,3,0,"IT","Non superato",0
"CdS2",2013,"M",-1.21066388527345,24,24,23,"IT","EsameMatematica",23
"CdS2",2013,"F",-1.00973651762487,12,15,18,"LS","Non superato",0
"CdS2",2013,"M",-0.206027047030529,24,30,22,"IT","EsameMatematica",18
"CdS2",2013,"M",-0.808809149976283,0,3,0,"IT","Non superato",0
"CdS2",2013,"M",-1.41159125292204,24,27,25,"IT","EsameMatematica",23
"CdS2",2013,"M",0.195827688266641,33,36,26,"IT","EsameMatematica",27
"CdS2",2013,"M",-1.21066388527345,0,3,0,"IT","Non superato",0
"CdS2",2013,"M",-1.00973651762487,12,12,24,"LS","Non superato",0
"CdS2",2013,"M",-1.21066388527345,12,15,21,"IT","Non superato",0
"CdS2",2013,"M",-1.21066388527345,36,36,29,"LS","EsameMatematica",30
"CdS2",2013,"M",-1.41159125292204,12,15,23,"IT","EsameMatematica",23
"CdS2",2013,"M",-1.21066388527345,21,21,22,"IT","Non superato",0
"CdS2",2013,"M",-1.00973651762487,24,24,23,"IT","EsameMatematica",24
"CdS2",2013,"M",-1.61251862057062,36,36,23,"IT","EsameMatematica",20
"CdS2",2013,"M",1.40139189415815,24,24,23,"LS","EsameMatematica",25
"CdS2",2013,"M",-1.81344598821921,12,15,20,"IT","EsameMatematica",24
"CdS2",2013,"M",0.195827688266641,48,51,29,"Altro","EsameMatematica",30
"CdS2",2013,"M",-0.808809149976283,24,24,27,"LS","EsameMatematica",29
"CdS2",2013,"M",-0.0050996793819439,24,24,27,"LC","EsameMatematica",24
"CdS2",2013,"M",-0.607881782327698,0,3,0,"LS","Non superato",0
"CdS2",2013,"F",-1.41159125292204,0,3,0,"Altro","Non superato",0
"CdS2",2013,"M",-1.00973651762487,24,27,23,"IT","EsameMatematica",24
"CdS2",2013,"F",-1.61251862057062,12,12,25,"Altro","EsameMatematica",28
"CdS3",2013,"M",1.60231926180673,39,39,26,"IT","EsameMatematica",26
"CdS3",2013,"M",1.60231926180673,48,51,31,"LS","EsameMatematica",31
"CdS3",2013,"M",1.60231926180673,57,60,28,"Altro","EsameMatematica",30
"CdS3",2013,"F",-0.0050996793819439,0,6,0,"Altro","Non superato",0
"CdS3",2013,"M",-0.206027047030529,30,33,25,"LS","EsameMatematica",23
"CdS3",2013,"F",0.597682423563811,30,33,26,"LS","EsameMatematica",23
"CdS3",2013,"F",0.798609791212395,39,42,26,"LS","EsameMatematica",26
"CdS3",2013,"M",1.40139189415815,48,51,30,"LS","EsameMatematica",29
"CdS3",2013,"M",1.40139189415815,57,57,28,"LS","EsameMatematica",30
"CdS3",2013,"M",1.40139189415815,57,60,29,"Altro","EsameMatematica",30
"CdS3",2013,"F",-0.406954414679114,30,51,22,"LS","EsameMatematica",23
"CdS3",2013,"F",-0.0050996793819439,48,51,27,"LS","EsameMatematica",27
"CdS3",2013,"M",0.99953715886098,15,15,24,"LS","EsameMatematica",21
"CdS3",2013,"F",-0.607881782327698,30,30,27,"LS","EsameMatematica",30
"CdS3",2013,"F",-1.00973651762487,15,18,19,"Altro","EsameMatematica",21
"CdS3",2013,"M",0.396755055915226,57,60,25,"LS","EsameMatematica",24
"CdS3",2013,"F",1.40139189415815,39,42,22,"LS","EsameMatematica",22
"CdS3",2013,"F",1.40139189415815,0,3,0,"Altro","Non superato",0
"CdS3",2013,"M",0.396755055915226,24,45,22,"LS","Non superato",0
"CdS3",2013,"F",0.99953715886098,48,51,23,"LS","EsameMatematica",18
"CdS3",2013,"M",0.798609791212395,39,42,23,"LS","EsameMatematica",25
"CdS3",2013,"M",0.99953715886098,9,12,19,"LS","Non superato",0
"CdS3",2013,"M",1.60231926180673,9,33,19,"LS","Non superato",0
"CdS3",2013,"M",-0.0050996793819439,39,42,24,"IT","EsameMatematica",22
"CdS3",2013,"M",1.40139189415815,48,51,27,"LS","EsameMatematica",28
"CdS3",2013,"M",-0.406954414679114,30,33,21,"LS","EsameMatematica",22
"CdS3",2013,"F",-0.406954414679114,30,33,25,"LS","EsameMatematica",27
"CdS3",2013,"M",1.20046452650957,48,48,29,"LS","EsameMatematica",29
"CdS3",2013,"F",1.60231926180673,39,42,24,"LS","EsameMatematica",20
"CdS3",2013,"F",0.99953715886098,48,48,25,"LS","EsameMatematica",28
"CdS3",2013,"F",-0.607881782327698,30,30,19,"IT","EsameMatematica",18
"CdS3",2013,"M",0.396755055915226,39,39,21,"LS","EsameMatematica",23
"CdS3",2013,"M",0.195827688266641,0,3,0,"IT","Non superato",0
"CdS3",2013,"F",-0.406954414679114,0,3,0,"Altro","Non superato",0
"CdS3",2013,"M",0.396755055915226,39,63,25,"IT","EsameMatematica",21
"CdS3",2013,"M",0.396755055915226,39,63,25,"IT","EsameMatematica",25
"CdS3",2013,"M",0.798609791212395,48,51,28,"LS","EsameMatematica",30
"CdS3",2013,"F",-0.607881782327698,15,18,23,"LS","Non superato",0
"CdS3",2013,"M",1.20046452650957,24,24,22,"LS","EsameMatematica",23
"CdS3",2013,"F",0.597682423563811,30,33,23,"LS","EsameMatematica",24
"CdS3",2013,"M",1.20046452650957,39,42,23,"LS","EsameMatematica",21
"CdS3",2013,"F",0.396755055915226,39,63,27,"LS","EsameMatematica",28
"CdS3",2013,"F",0.396755055915226,39,63,27,"LS","EsameMatematica",27
"CdS3",2013,"F",-0.206027047030529,30,33,21,"LS","EsameMatematica",19
"CdS3",2013,"F",0.396755055915226,15,18,20,"IT","EsameMatematica",20
"CdS3",2013,"F",-1.81344598821921,0,3,0,"LS","Non superato",0
"CdS3",2013,"M",0.396755055915226,39,42,28,"LS","EsameMatematica",29
"CdS3",2013,"M",1.60231926180673,48,48,25,"IT","EsameMatematica",25
"CdS1",2014,"F",0.93055396394115,21,21,21,"LS","EsameMatematica",20
"CdS1",2014,"F",0.359347237069243,15,18,26,"LS","EsameMatematica",24
"CdS1",2014,"M",1.50176069081306,57,60,30,"LS","EsameMatematica",31
"CdS1",2014,"M",1.50176069081306,57,60,27,"LS","EsameMatematica",27
"CdS1",2014,"M",1.50176069081306,57,60,29,"LS","EsameMatematica",27
"CdS1",2014,"M",-0.0214572475120278,24,24,23,"LS","Non superato",0
"CdS1",2014,"M",0.93055396394115,42,42,23,"LS","EsameMatematica",22
"CdS1",2014,"M",1.31135844852242,27,30,25,"LS","EsameMatematica",23
"CdS1",2014,"M",-0.211859489802663,0,6,0,"LS","Non superato",0
"CdS1",2014,"F",1.12095620623179,57,60,27,"LS","EsameMatematica",27
"CdS1",2014,"M",1.50176069081306,57,60,28,"LS","EsameMatematica",27
"CdS1",2014,"F",1.12095620623179,57,60,30,"LS","EsameMatematica",30
"CdS1",2014,"F",1.31135844852242,51,51,24,"LC","EsameMatematica",19
"CdS1",2014,"M",1.31135844852242,57,60,27,"LS","EsameMatematica",24
"CdS1",2014,"F",1.12095620623179,45,48,27,"LS","EsameMatematica",26
"CdS1",2014,"F",0.93055396394115,45,45,25,"LS","EsameMatematica",27
"CdS1",2014,"M",1.12095620623179,15,15,26,"Altro","EsameMatematica",28
"CdS1",2014,"M",0.549749479359879,57,60,26,"LS","EsameMatematica",24
"CdS1",2014,"M",0.93055396394115,57,60,28,"LS","EsameMatematica",28
"CdS1",2014,"M",0.93055396394115,51,51,23,"LS","EsameMatematica",23
"CdS1",2014,"M",-0.402261732093299,21,31,21,"TC","EsameMatematica",23
"CdS1",2014,"M",0.359347237069243,27,30,20,"LS","EsameMatematica",18
"CdS1",2014,"M",-0.973468458965206,39,42,25,"TC","EsameMatematica",25
"CdS1",2014,"F",1.12095620623179,51,54,26,"LS","EsameMatematica",26
"CdS1",2014,"F",-0.592663974383935,9,9,20,"LS","Non superato",0
"CdS1",2014,"F",-0.78306621667457,0,3,0,"IT","Non superato",0
"CdS1",2014,"M",0.549749479359879,45,45,24,"LS","EsameMatematica",25
"CdS1",2014,"M",0.740151721650515,57,60,27,"LS","EsameMatematica",27
"CdS1",2014,"M",0.93055396394115,33,33,21,"LS","EsameMatematica",18
"CdS1",2014,"M",0.168944994778608,45,48,24,"LS","EsameMatematica",22
"CdS1",2014,"M",1.50176069081306,57,60,30,"LS","EsameMatematica",31
"CdS1",2014,"F",1.12095620623179,57,60,25,"LS","EsameMatematica",20
"CdS1",2014,"M",0.359347237069243,18,18,24,"LS","EsameMatematica",24
"CdS1",2014,"F",0.359347237069243,18,21,22,"LS","EsameMatematica",20
"CdS1",2014,"F",-1.16387070125584,9,9,21,"Altro","EsameMatematica",18
"CdS1",2014,"M",0.168944994778608,33,33,21,"LS","EsameMatematica",18
"CdS1",2014,"M",0.740151721650515,6,6,28,"IT","Non superato",0
"CdS1",2014,"M",-1.16387070125584,18,21,25,"LC","EsameMatematica",26
"CdS1",2014,"M",0.359347237069243,39,42,28,"IT","EsameMatematica",30
"CdS1",2014,"F",-0.211859489802663,18,42,19,"TC","EsameMatematica",18
"CdS1",2014,"M",-0.973468458965206,0,6,0,"LS","Non superato",0
"CdS1",2014,"M",0.740151721650515,21,21,22,"LS","EsameMatematica",24
"CdS1",2014,"M",0.359347237069243,0,12,0,"LS","EsameMatematica",0
"CdS1",2014,"M",0.549749479359879,9,9,24,"LS","EsameMatematica",18
"CdS1",2014,"F",0.93055396394115,27,30,22,"LC","EsameMatematica",23
"CdS1",2014,"M",-1.54467518583711,15,18,21,"LC","EsameMatematica",19
"CdS1",2014,"M",0.168944994778608,57,60,27,"LC","EsameMatematica",28
"CdS1",2014,"M",-0.592663974383935,33,36,24,"IT","EsameMatematica",25
"CdS1",2014,"M",0.740151721650515,30,51,23,"LS","EsameMatematica",24
"CdS1",2014,"M",0.93055396394115,51,57,25,"LS","EsameMatematica",27
"CdS1",2014,"M",-0.592663974383935,6,6,20,"LS","Non superato",0
"CdS1",2014,"M",-0.0214572475120278,21,21,22,"LS","EsameMatematica",20
"CdS1",2014,"M",0.549749479359879,39,39,25,"LS","EsameMatematica",27
"CdS1",2014,"M",0.168944994778608,39,42,24,"IT","EsameMatematica",18
"CdS1",2014,"M",1.12095620623179,57,60,25,"LS","EsameMatematica",26
"CdS1",2014,"M",0.93055396394115,57,60,27,"IT","EsameMatematica",28
"CdS1",2014,"M",-1.02106901953786,0,6,0,"LC","Non superato",0
"CdS1",2014,"M",1.12095620623179,6,6,28,"IT","Non superato",0
"CdS1",2014,"M",-0.592663974383935,30,30,20,"LS","EsameMatematica",19
"CdS2",2014,"M",-1.35427294354648,24,27,26,"IP","Non superato",0
"CdS2",2014,"M",0.549749479359879,45,63,24,"LS","EsameMatematica",23
"CdS2",2014,"M",-0.78306621667457,12,12,26,"IT","Non superato",0
"CdS2",2014,"M",-2.11588191270902,0,3,0,"IT","Non superato",0
"CdS2",2014,"M",0.549749479359879,57,60,27,"LS","EsameMatematica",31
"CdS2",2014,"M",-0.973468458965206,0,3,0,"IT","Non superato",0
"CdS2",2014,"M",0.549749479359879,57,60,29,"LS","EsameMatematica",31
"CdS2",2014,"M",-1.35427294354648,0,3,0,"TC","Non superato",0
"CdS2",2014,"M",-0.0214572475120278,24,24,21,"LS","EsameMatematica",18
"CdS2",2014,"M",-1.16387070125584,12,12,23,"IT","EsameMatematica",18
"CdS2",2014,"F",-0.211859489802663,36,39,27,"TC","EsameMatematica",27
"CdS2",2014,"M",-0.0214572475120278,48,51,27,"IT","EsameMatematica",20
"CdS2",2014,"M",-0.211859489802663,12,15,26,"LS","Non superato",0
"CdS2",2014,"M",-1.16387070125584,36,39,27,"TC","EsameMatematica",24
"CdS2",2014,"M",-0.973468458965206,24,24,24,"TC","EsameMatematica",27
"CdS2",2014,"M",-1.54467518583711,0,3,0,"IT","Non superato",0
"CdS2",2014,"M",-0.592663974383935,24,27,26,"LS","EsameMatematica",18
"CdS2",2014,"F",-0.592663974383935,36,36,22,"TC","EsameMatematica",21
"CdS2",2014,"F",-0.211859489802663,36,36,25,"LS","EsameMatematica",28
"CdS2",2014,"M",-0.402261732093299,48,48,24,"TC","EsameMatematica",24
"CdS2",2014,"M",-0.0214572475120278,36,39,24,"IT","EsameMatematica",23
"CdS2",2014,"M",0.359347237069243,36,39,30,"IT","EsameMatematica",31
"CdS2",2014,"M",-0.78306621667457,57,60,27,"IT","EsameMatematica",30
"CdS2",2014,"M",-1.35427294354648,12,12,25,"IT","Non superato",0
"CdS2",2014,"M",-1.16387070125584,24,27,24,"Altro","Non superato",0
"CdS2",2014,"M",-0.973468458965206,0,3,0,"LS","Non superato",0
"CdS2",2014,"M",0.168944994778608,57,60,30,"LS","EsameMatematica",31
"CdS2",2014,"M",-0.402261732093299,36,36,28,"IT","EsameMatematica",31
"CdS2",2014,"M",0.549749479359879,45,45,28,"TC","EsameMatematica",30
"CdS2",2014,"M",-0.973468458965206,0,3,0,"IT","Non superato",0
"CdS2",2014,"M",-0.973468458965206,12,12,24,"IT","Non superato",0
"CdS2",2014,"M",-0.592663974383935,24,24,25,"LS","EsameMatematica",28
"CdS2",2014,"M",-0.973468458965206,36,39,23,"IT","EsameMatematica",21
"CdS2",2014,"M",-1.73507742812775,48,48,25,"TC","EsameMatematica",24
"CdS2",2014,"M",-0.973468458965206,33,36,24,"IT","EsameMatematica",19
"CdS2",2014,"M",-0.402261732093299,57,60,24,"TC","EsameMatematica",24
"CdS2",2014,"M",0.93055396394115,45,45,29,"LS","EsameMatematica",28
"CdS2",2014,"M",1.31135844852242,57,60,30,"LS","EsameMatematica",31
"CdS2",2014,"M",-0.592663974383935,24,27,23,"LS","EsameMatematica",24
"CdS2",2014,"M",-0.78306621667457,48,51,25,"TC","EsameMatematica",25
"CdS2",2014,"M",-0.973468458965206,24,24,20,"LS","EsameMatematica",19
"CdS2",2014,"M",0.93055396394115,48,51,27,"LS","EsameMatematica",29
"CdS2",2014,"F",-0.211859489802663,57,60,27,"IT","EsameMatematica",30
"CdS2",2014,"M",0.168944994778608,57,60,30,"LS","EsameMatematica",29
"CdS2",2014,"M",-0.402261732093299,12,12,28,"IT","EsameMatematica",24
"CdS2",2014,"M",-2.11588191270902,12,12,23,"Altro","Non superato",0
"CdS2",2014,"M",-1.92547967041838,36,39,29,"IT","EsameMatematica",28
"CdS2",2014,"M",-0.0214572475120278,36,39,28,"IT","EsameMatematica",30
"CdS2",2014,"M",0.359347237069243,48,51,30,"IT","EsameMatematica",31
"CdS2",2014,"M",-1.54467518583711,12,12,18,"IP","EsameMatematica",18
"CdS2",2014,"F",-2.68708863958093,12,12,25,"Altro","Non superato",0
"CdS2",2014,"M",0.549749479359879,57,60,28,"IT","EsameMatematica",31
"CdS2",2014,"M",-0.973468458965206,48,48,23,"IP","EsameMatematica",24
"CdS2",2014,"F",-0.78306621667457,21,27,26,"LS","EsameMatematica",31
"CdS2",2014,"F",0.740151721650515,45,45,27,"LC","EsameMatematica",31
"CdS2",2014,"F",0.359347237069243,48,51,30,"LS","EsameMatematica",31
"CdS2",2014,"M",-1.16387070125584,24,27,24,"TC","EsameMatematica",28
"CdS2",2014,"M",-1.73507742812775,24,27,23,"TC","EsameMatematica",21
"CdS2",2014,"F",-0.402261732093299,36,39,25,"Altro","EsameMatematica",30
"CdS2",2014,"M",-0.592663974383935,12,12,23,"IT","Non superato",0
"CdS2",2014,"M",1.31135844852242,45,45,31,"LS","EsameMatematica",31
"CdS2",2014,"M",-1.16387070125584,12,12,19,"IT","EsameMatematica",19
"CdS2",2014,"M",-1.73507742812775,6,9,21,"LS","Non superato",0
"CdS2",2014,"M",-0.592663974383935,24,27,22,"IT","EsameMatematica",25
"CdS2",2014,"M",-0.973468458965206,0,3,0,"TC","Non superato",0
"CdS2",2014,"F",-1.35427294354648,12,12,30,"LC","Non superato",0
"CdS2",2014,"M",1.12095620623179,57,57,30,"LS","EsameMatematica",31
"CdS2",2014,"M",-1.35427294354648,12,12,30,"Altro","EsameMatematica",24
"CdS2",2014,"M",-0.402261732093299,24,24,24,"IT","Non superato",0
"CdS2",2014,"M",-1.73507742812775,12,15,19,"LS","Non superato",0
"CdS2",2014,"F",-0.78306621667457,12,27,18,"Altro","EsameMatematica",18
"CdS2",2014,"M",-1.35427294354648,0,3,0,"Altro","Non superato",0
"CdS2",2014,"M",-0.211859489802663,24,24,20,"IT","EsameMatematica",20
"CdS2",2014,"M",1.12095620623179,24,27,23,"LS","EsameMatematica",23
"CdS2",2014,"M",0.359347237069243,24,24,25,"Altro","Non superato",0
"CdS2",2014,"F",-2.30628415499966,24,24,18,"TC","EsameMatematica",18
"CdS2",2014,"M",-0.0214572475120278,0,3,0,"Altro","Non superato",0
"CdS2",2014,"M",-3.25829536645283,9,108,25,"LS","EsameMatematica",25
"CdS2",2014,"M",0.740151721650515,36,36,28,"IT","EsameMatematica",28
"CdS3",2014,"F",0.359347237069243,30,33,22,"LS","EsameMatematica",19
"CdS3",2014,"M",-0.211859489802663,15,30,23,"LC","EsameMatematica",23
"CdS3",2014,"F",1.12095620623179,48,51,30,"LS","EsameMatematica",31
"CdS3",2014,"M",-0.0214572475120278,24,27,25,"LS","EsameMatematica",26
"CdS3",2014,"M",1.31135844852242,57,60,27,"LS","EsameMatematica",28
"CdS3",2014,"F",1.50176069081306,57,60,28,"LS","EsameMatematica",31
"CdS3",2014,"M",-0.78306621667457,0,3,0,"IT","Non superato",0
"CdS3",2014,"F",-0.592663974383935,0,3,0,"IT","Non superato",0
"CdS3",2014,"F",0.549749479359879,48,48,24,"LS","EsameMatematica",25
"CdS3",2014,"F",1.12095620623179,0,3,0,"LS","EsameMatematica",27
"CdS3",2014,"F",-0.78306621667457,0,3,0,"Altro","Non superato",0
"CdS3",2014,"M",-0.211859489802663,48,51,22,"LS","EsameMatematica",23
"CdS3",2014,"M",1.50176069081306,57,60,29,"LS","EsameMatematica",31
"CdS3",2014,"M",0.93055396394115,0,3,0,"LS","Non superato",0
"CdS3",2014,"M",0.93055396394115,9,9,28,"LS","EsameMatematica",30
"CdS3",2014,"M",1.31135844852242,48,51,26,"LS","EsameMatematica",27
"CdS3",2014,"M",-1.16387070125584,0,3,0,"Altro","Non superato",0
"CdS3",2014,"F",-0.0214572475120278,30,33,19,"LS","EsameMatematica",19
"CdS3",2014,"M",1.12095620623179,24,27,28,"LS","EsameMatematica",30
"CdS3",2014,"M",0.168944994778608,0,3,0,"LS","Non superato",0
"CdS3",2014,"F",-0.592663974383935,0,3,0,"TC","Non superato",0
"CdS3",2014,"F",-0.0214572475120278,0,3,0,"LS","Non superato",0
"CdS3",2014,"M",0.359347237069243,39,42,24,"LS","EsameMatematica",24
"CdS3",2014,"F",0.359347237069243,39,39,25,"LS","EsameMatematica",23
"CdS3",2014,"M",-0.592663974383935,15,15,20,"IT","EsameMatematica",21
"CdS3",2014,"M",1.50176069081306,48,51,28,"LS","EsameMatematica",26
"CdS3",2014,"F",-0.211859489802663,30,30,25,"LS","EsameMatematica",25
"CdS3",2014,"F",0.168944994778608,39,42,22,"LS","EsameMatematica",24
"CdS3",2014,"F",0.740151721650515,15,18,26,"LS","EsameMatematica",26
"CdS3",2014,"F",-0.592663974383935,24,24,22,"LC","Non superato",0
"CdS3",2014,"M",1.50176069081306,57,60,29,"LS","EsameMatematica",31
"CdS3",2014,"F",-0.211859489802663,15,18,22,"LC","EsameMatematica",21
"CdS3",2014,"M",0.740151721650515,33,36,29,"LS","EsameMatematica",30
"CdS3",2014,"M",0.359347237069243,15,18,21,"LS","EsameMatematica",19
"CdS3",2014,"M",0.549749479359879,30,33,21,"IT","EsameMatematica",23
"CdS3",2014,"F",0.359347237069243,39,39,24,"LS","EsameMatematica",26
"CdS3",2014,"F",0.740151721650515,48,51,26,"LS","EsameMatematica",28
"CdS3",2014,"F",-0.0214572475120278,33,36,23,"LC","EsameMatematica",26
"CdS3",2014,"F",0.93055396394115,48,51,26,"LS","EsameMatematica",28
"CdS3",2014,"F",-3.25829536645283,18,21,29,"LS","Non superato",0
"CdS3",2014,"F",1.12095620623179,39,39,29,"LS","EsameMatematica",30
"CdS3",2014,"M",0.93055396394115,24,24,22,"LS","EsameMatematica",23
"CdS3",2014,"M",0.740151721650515,39,42,25,"LS","EsameMatematica",27
"CdS3",2014,"M",-0.0214572475120278,0,3,0,"LS","Non superato",0
"CdS3",2014,"F",-0.211859489802663,48,51,24,"LS","EsameMatematica",20
"CdS3",2014,"F",0.549749479359879,15,18,22,"LS","EsameMatematica",22
"CdS3",2014,"F",1.50176069081306,48,51,28,"TC","EsameMatematica",28
"CdS3",2014,"F",0.93055396394115,57,60,28,"LS","EsameMatematica",28
"CdS3",2014,"F",0.549749479359879,30,33,23,"LS","EsameMatematica",23
"CdS3",2014,"F",1.31135844852242,24,27,20,"LS","EsameMatematica",24
"CdS3",2014,"F",0.359347237069243,0,3,0,"LS","Non superato",0
"CdS3",2014,"M",0.549749479359879,48,51,25,"LS","EsameMatematica",25
"CdS3",2014,"F",0.740151721650515,48,48,29,"LS","EsameMatematica",30
"CdS3",2014,"F",-0.0214572475120278,0,3,0,"Altro","Non superato",0
"CdS3",2014,"F",0.549749479359879,48,51,24,"LS","EsameMatematica",24
"CdS1",2015,"M",0.191406525291104,6,6,21,"LS","Non superato",0
"CdS1",2015,"F",-0.204889986490784,9,12,22,"Altro","EsameMatematica",23
"CdS1",2015,"M",-0.00674173059984008,33,36,22,"LS","EsameMatematica",27
"CdS1",2015,"M",-0.403038242381727,21,24,20,"LS","EsameMatematica",22
"CdS1",2015,"F",-0.204889986490784,0,3,0,"LC","Non superato",0
"CdS1",2015,"M",-0.403038242381727,18,21,21,"LS","EsameMatematica",19
"CdS1",2015,"F",-0.204889986490784,0,3,0,"Altro","Non superato",0
"CdS1",2015,"F",-2.97896556896399,0,3,0,"Altro","Non superato",0
"CdS1",2015,"F",0.587703037072991,12,15,20,"LS","EsameMatematica",20
"CdS1",2015,"M",0.191406525291104,18,18,21,"LS","EsameMatematica",20
"CdS1",2015,"M",-0.204889986490784,33,33,24,"IT","EsameMatematica",20
"CdS1",2015,"M",1.18214780474582,45,48,26,"LS","EsameMatematica",26
"CdS1",2015,"F",0.587703037072991,45,48,25,"LS","EsameMatematica",23
"CdS1",2015,"F",0.389554781182047,21,24,23,"LS","EsameMatematica",18
"CdS1",2015,"M",0.983999548854878,57,60,28,"LS","EsameMatematica",28
"CdS1",2015,"M",0.587703037072991,33,36,23,"LS","EsameMatematica",23
"CdS1",2015,"M",-1.98822428950928,0,3,0,"LS","Non superato",0
"CdS1",2015,"F",-0.403038242381727,15,18,22,"LC","EsameMatematica",19
"CdS1",2015,"F",0.389554781182047,27,30,23,"LS","EsameMatematica",24
"CdS1",2015,"M",-0.204889986490784,27,30,23,"LS","EsameMatematica",23
"CdS1",2015,"M",0.983999548854878,45,48,24,"LS","EsameMatematica",26
"CdS1",2015,"F",-0.997483010054558,0,3,0,"Altro","EsameMatematica",19
"CdS1",2015,"F",-0.601186498272671,33,36,23,"LS","EsameMatematica",21
"CdS1",2015,"F",0.785851292963934,30,33,22,"LS","EsameMatematica",21
"CdS1",2015,"M",1.38029606063677,57,60,30,"LS","EsameMatematica",31
"CdS1",2015,"M",1.18214780474582,45,45,28,"LS","EsameMatematica",30
"CdS1",2015,"F",-0.204889986490784,21,24,21,"Altro","EsameMatematica",19
"CdS1",2015,"M",-0.00674173059984008,33,36,23,"LS","EsameMatematica",25
"CdS1",2015,"M",-0.601186498272671,12,12,22,"LS","Non superato",0
"CdS1",2015,"M",0.389554781182047,12,27,18,"LS","EsameMatematica",18
"CdS1",2015,"F",0.389554781182047,33,36,24,"LC","EsameMatematica",25
"CdS1",2015,"M",-0.00674173059984008,33,36,22,"LS","EsameMatematica",21
"CdS1",2015,"M",1.18214780474582,45,48,22,"LS","EsameMatematica",22
"CdS1",2015,"M",1.18214780474582,39,42,26,"Altro","EsameMatematica",25
"CdS1",2015,"M",-0.997483010054558,0,3,0,"IT","Non superato",0
"CdS1",2015,"M",1.38029606063677,45,48,24,"LS","EsameMatematica",24
"CdS1",2015,"F",1.38029606063677,57,60,27,"Altro","EsameMatematica",28
"CdS1",2015,"F",-1.59192777772739,0,3,0,"LC","Non superato",0
"CdS1",2015,"F",0.785851292963934,39,42,24,"LS","EsameMatematica",19
"CdS1",2015,"M",0.983999548854878,33,36,22,"LS","EsameMatematica",20
"CdS1",2015,"M",0.785851292963934,33,36,22,"LS","EsameMatematica",21
"CdS1",2015,"M",-0.799334754163614,6,9,24,"LS","Non superato",0
"CdS1",2015,"M",1.18214780474582,57,60,25,"LS","EsameMatematica",22
"CdS1",2015,"F",0.983999548854878,0,9,0,"LS","Non superato",0
"CdS1",2015,"M",0.983999548854878,57,60,29,"LS","EsameMatematica",31
"CdS1",2015,"F",0.389554781182047,9,12,25,"LS","Non superato",0
"CdS1",2015,"F",-2.18637254540022,9,12,25,"LS","Non superato",0
"CdS1",2015,"F",0.983999548854878,6,9,23,"LS","EsameMatematica",27
"CdS1",2015,"M",0.983999548854878,45,48,25,"LS","EsameMatematica",26
"CdS1",2015,"M",0.785851292963934,27,30,22,"LS","EsameMatematica",19
"CdS1",2015,"M",0.389554781182047,0,3,0,"Altro","Non superato",0
"CdS1",2015,"M",1.18214780474582,39,39,20,"LS","EsameMatematica",20
"CdS1",2015,"F",-0.403038242381727,15,15,25,"LS","Non superato",0
"CdS1",2015,"F",-1.98822428950928,0,3,0,"Altro","Non superato",0
"CdS1",2015,"F",-1.79007603361833,0,6,0,"LC","Non superato",0
"CdS1",2015,"M",-0.601186498272671,27,27,19,"Altro","EsameMatematica",18
"CdS1",2015,"M",1.18214780474582,9,9,28,"LS","EsameMatematica",28
"CdS1",2015,"M",-0.799334754163614,12,15,21,"LS","EsameMatematica",18
"CdS1",2015,"M",0.389554781182047,57,60,25,"LS","EsameMatematica",22
"CdS1",2015,"F",0.587703037072991,0,3,0,"Altro","Non superato",0
"CdS1",2015,"M",0.587703037072991,39,39,24,"LS","EsameMatematica",21
"CdS1",2015,"F",0.587703037072991,21,24,23,"LS","EsameMatematica",21
"CdS1",2015,"F",0.389554781182047,27,30,21,"LS","EsameMatematica",20
"CdS1",2015,"F",-0.997483010054558,0,3,0,"LC","Non superato",0
"CdS1",2015,"M",0.983999548854878,57,57,28,"Altro","EsameMatematica",31
"CdS1",2015,"F",-0.997483010054558,9,12,25,"LC","Non superato",0
"CdS1",2015,"M",-0.00674173059984008,21,21,21,"IT","EsameMatematica",20
"CdS1",2015,"M",1.18214780474582,57,57,28,"LS","EsameMatematica",31
"CdS1",2015,"F",-0.997483010054558,0,9,0,"Altro","Non superato",0
"CdS2",2015,"M",1.38029606063677,6,9,23,"LS","Non superato",0
"CdS2",2015,"M",-0.403038242381727,0,15,0,"LC","EsameMatematica",0
"CdS2",2015,"M",-0.00674173059984008,42,45,23,"TC","Non superato",0
"CdS2",2015,"M",-0.204889986490784,0,3,0,"Altro","Non superato",0
"CdS2",2015,"M",0.191406525291104,0,3,0,"LS","EsameMatematica",21
"CdS2",2015,"M",-0.799334754163614,21,27,23,"LC","Non superato",0
"CdS2",2015,"M",-0.601186498272671,24,27,29,"Altro","EsameMatematica",27
"CdS2",2015,"M",-1.59192777772739,0,3,0,"TC","Non superato",0
"CdS2",2015,"M",0.785851292963934,24,27,22,"LS","EsameMatematica",27
"CdS2",2015,"M",0.785851292963934,36,39,26,"Altro","EsameMatematica",30
"CdS2",2015,"M",-1.98822428950928,24,24,26,"IT","EsameMatematica",27
"CdS2",2015,"M",-0.403038242381727,12,12,25,"LS","Non superato",0
"CdS2",2015,"F",0.587703037072991,24,24,26,"LS","EsameMatematica",24
"CdS2",2015,"M",0.191406525291104,57,60,27,"TC","EsameMatematica",30
"CdS2",2015,"M",-2.18637254540022,36,39,23,"Altro","EsameMatematica",22
"CdS2",2015,"M",-0.799334754163614,24,27,24,"Altro","EsameMatematica",25
"CdS2",2015,"M",-0.204889986490784,33,33,25,"LS","EsameMatematica",30
"CdS2",2015,"M",0.389554781182047,36,39,26,"LS","EsameMatematica",27
"CdS2",2015,"M",0.389554781182047,24,27,26,"IT","Non superato",0
"CdS2",2015,"F",-0.601186498272671,12,15,27,"LS","EsameMatematica",27
"CdS2",2015,"M",-1.39377952183645,24,24,27,"LS","EsameMatematica",28
"CdS2",2015,"M",0.389554781182047,24,24,27,"LS","EsameMatematica",29
"CdS2",2015,"M",-1.39377952183645,12,12,28,"IT","EsameMatematica",24
"CdS2",2015,"M",0.191406525291104,24,27,28,"IT","Non superato",0
"CdS2",2015,"M",-1.39377952183645,12,12,25,"LS","EsameMatematica",24
"CdS2",2015,"M",0.191406525291104,57,60,26,"IT","EsameMatematica",24
"CdS2",2015,"F",-0.403038242381727,33,36,28,"LS","EsameMatematica",31
"CdS2",2015,"M",-0.204889986490784,57,60,30,"Altro","EsameMatematica",31
"CdS2",2015,"M",0.389554781182047,12,12,22,"IT","Non superato",0
"CdS2",2015,"M",0.191406525291104,24,24,25,"Altro","EsameMatematica",25
"CdS2",2015,"M",-0.403038242381727,36,36,25,"IT","Non superato",0
"CdS2",2015,"M",-1.98822428950928,0,3,0,"TC","Non superato",0
"CdS2",2015,"M",-2.83035437704579,0,3,0,"TC","Non superato",0
"CdS2",2015,"M",-0.997483010054558,24,27,29,"TC","EsameMatematica",29
"CdS2",2015,"M",0.191406525291104,36,36,25,"IT","EsameMatematica",23
"CdS2",2015,"F",0.785851292963934,57,60,30,"LS","EsameMatematica",31
"CdS2",2015,"M",-2.18637254540022,36,39,27,"Altro","EsameMatematica",26
"CdS2",2015,"M",-0.799334754163614,24,24,26,"IT","Non superato",0
"CdS2",2015,"M",-0.997483010054558,12,12,25,"TC","Non superato",0
"CdS2",2015,"M",-0.799334754163614,33,36,24,"TC","EsameMatematica",24
"CdS2",2015,"F",-0.997483010054558,24,24,26,"LS","EsameMatematica",26
"CdS2",2015,"M",-1.1956312659455,0,3,0,"IT","Non superato",0
"CdS2",2015,"M",-1.59192777772739,24,27,23,"IT","EsameMatematica",22
"CdS2",2015,"M",-0.601186498272671,12,15,23,"IT","EsameMatematica",23
"CdS2",2015,"M",0.785851292963934,24,24,29,"Altro","EsameMatematica",28
"CdS2",2015,"M",-1.1956312659455,36,36,26,"TC","EsameMatematica",25
"CdS2",2015,"M",-0.799334754163614,24,24,27,"IT","EsameMatematica",23
"CdS2",2015,"M",0.191406525291104,57,57,27,"IT","EsameMatematica",29
"CdS2",2015,"M",-1.39377952183645,24,24,26,"IT","EsameMatematica",30
"CdS2",2015,"M",-0.00674173059984008,24,24,29,"LS","EsameMatematica",29
"CdS2",2015,"M",-0.403038242381727,36,39,25,"IT","EsameMatematica",19
"CdS2",2015,"M",-0.403038242381727,45,45,26,"IP","EsameMatematica",25
"CdS2",2015,"M",-0.997483010054558,24,27,24,"Altro","EsameMatematica",25
"CdS2",2015,"M",-1.1956312659455,36,39,22,"Altro","EsameMatematica",20
"CdS2",2015,"M",0.191406525291104,33,33,25,"IT","EsameMatematica",27
"CdS2",2015,"M",-1.39377952183645,24,24,24,"TC","EsameMatematica",23
"CdS2",2015,"M",-0.799334754163614,24,24,23,"LS","EsameMatematica",20
"CdS2",2015,"M",-0.997483010054558,0,3,0,"Altro","EsameMatematica",24
"CdS2",2015,"M",0.587703037072991,24,27,29,"LS","EsameMatematica",30
"CdS2",2015,"M",-0.799334754163614,33,33,25,"IT","EsameMatematica",24
"CdS2",2015,"M",0.389554781182047,36,36,23,"IP","EsameMatematica",24
"CdS2",2015,"F",-2.78081731307305,0,3,0,"Altro","EsameMatematica",24
"CdS2",2015,"M",0.785851292963934,0,3,0,"LS","Non superato",0
"CdS2",2015,"F",-0.997483010054558,24,24,26,"TC","EsameMatematica",27
"CdS2",2015,"M",-0.601186498272671,24,24,24,"IT","Non superato",0
"CdS2",2015,"M",-0.204889986490784,24,24,28,"IT","EsameMatematica",28
"CdS2",2015,"M",0.587703037072991,57,57,28,"IT","EsameMatematica",30
"CdS2",2015,"M",0.785851292963934,33,33,24,"LS","EsameMatematica",26
"CdS3",2015,"F",0.587703037072991,33,36,23,"LS","EsameMatematica",28
"CdS3",2015,"M",1.38029606063677,57,60,29,"LS","EsameMatematica",30
"CdS3",2015,"M",0.785851292963934,39,42,26,"LS","EsameMatematica",27
"CdS3",2015,"F",0.785851292963934,24,27,25,"LS","Non superato",0
"CdS3",2015,"M",1.18214780474582,15,18,28,"LS","EsameMatematica",19
"CdS3",2015,"M",1.18214780474582,33,36,25,"LS","EsameMatematica",27
"CdS3",2015,"M",0.389554781182047,39,42,25,"LS","EsameMatematica",23
"CdS3",2015,"F",-0.204889986490784,15,15,20,"LS","Non superato",0
"CdS3",2015,"F",0.983999548854878,57,60,27,"LS","EsameMatematica",26
"CdS3",2015,"M",0.983999548854878,48,51,25,"LS","EsameMatematica",25
"CdS3",2015,"M",1.18214780474582,57,60,28,"LS","EsameMatematica",28
"CdS3",2015,"M",0.785851292963934,24,27,25,"LS","EsameMatematica",24
"CdS3",2015,"M",1.38029606063677,39,42,25,"LS","EsameMatematica",22
"CdS3",2015,"F",0.785851292963934,48,51,25,"LS","EsameMatematica",23
"CdS3",2015,"F",-0.403038242381727,15,18,24,"LS","EsameMatematica",26
"CdS3",2015,"M",0.983999548854878,57,60,29,"LS","EsameMatematica",30
"CdS3",2015,"F",0.587703037072991,24,27,25,"LS","EsameMatematica",26
"CdS3",2015,"F",0.785851292963934,48,51,26,"LS","EsameMatematica",24
"CdS3",2015,"M",1.38029606063677,48,48,30,"LS","EsameMatematica",31
"CdS3",2015,"M",1.18214780474582,0,3,0,"LS","Non superato",0
"CdS3",2015,"M",1.18214780474582,48,51,28,"LS","EsameMatematica",26
"CdS3",2015,"M",1.18214780474582,57,60,31,"Altro","EsameMatematica",31
"CdS3",2015,"M",1.38029606063677,48,48,27,"LC","EsameMatematica",27
"CdS3",2015,"M",1.18214780474582,33,33,25,"LS","EsameMatematica",22
"CdS3",2015,"F",0.785851292963934,24,27,23,"Altro","EsameMatematica",28
"CdS3",2015,"F",-0.204889986490784,15,15,24,"LC","Non superato",0
"CdS3",2015,"M",0.389554781182047,48,48,25,"LS","EsameMatematica",25
"CdS3",2015,"M",1.18214780474582,48,51,28,"LS","EsameMatematica",25
"CdS3",2015,"F",-0.403038242381727,0,3,0,"LS","Non superato",0
"CdS3",2015,"M",0.785851292963934,24,24,27,"LS","Non superato",0
"CdS3",2015,"M",0.389554781182047,39,42,21,"IT","EsameMatematica",21
"CdS3",2015,"M",1.18214780474582,9,12,18,"Altro","Non superato",0
"CdS1",2016,"M",0.626339462215913,0,3,0,"LS","Non superato",0
"CdS1",2016,"M",-0.902904939038524,21,24,20,"Altro","Non superato",0
"CdS1",2016,"M",0.790187076636032,45,48,24,"LS","EsameMatematica",21
"CdS1",2016,"M",0.626339462215913,57,60,27,"LS","EsameMatematica",28
"CdS1",2016,"F",1.28172991989639,45,48,24,"LS","EsameMatematica",24
"CdS1",2016,"M",-0.0836668669379327,45,48,23,"LC","EsameMatematica",23
"CdS1",2016,"M",0.0801807474821856,57,57,25,"LS","EsameMatematica",26
"CdS1",2016,"M",0.189412490428931,45,48,26,"LS","EsameMatematica",24
"CdS1",2016,"M",0.95403469105615,45,45,28,"LS","EsameMatematica",26
"CdS1",2016,"M",0.134796618955558,27,30,21,"LS","EsameMatematica",20
"CdS1",2016,"M",1.82788863463011,6,9,18,"LS","Non superato",0
"CdS1",2016,"M",0.462491847795795,45,48,25,"LS","EsameMatematica",20
"CdS1",2016,"F",0.298644233375677,51,51,25,"LC","EsameMatematica",22
"CdS1",2016,"F",0.407875976322422,45,48,26,"LC","EsameMatematica",25
"CdS1",2016,"M",0.790187076636032,57,60,29,"LS","EsameMatematica",28
"CdS1",2016,"M",0.95403469105615,45,48,28,"LS","EsameMatematica",28
"CdS1",2016,"M",1.17249817694964,18,18,23,"LC","EsameMatematica",22
"CdS1",2016,"M",-1.61291126819237,15,18,21,"IT","EsameMatematica",22
"CdS1",2016,"M",0.244028361902304,24,27,23,"LS","EsameMatematica",23
"CdS1",2016,"M",1.22711404842301,45,48,26,"LS","EsameMatematica",27
"CdS1",2016,"M",1.28172991989639,57,60,26,"LS","EsameMatematica",24
"CdS1",2016,"M",-0.520593838724915,57,60,27,"Altro","EsameMatematica",30
"CdS1",2016,"F",0.189412490428931,33,36,24,"LC","EsameMatematica",24
"CdS1",2016,"M",1.33634579136976,57,60,26,"LS","EsameMatematica",30
"CdS1",2016,"F",0.189412490428931,0,3,0,"LS","Non superato",0
"CdS1",2016,"M",-0.138282738411306,57,60,25,"LS","EsameMatematica",21
"CdS1",2016,"M",-0.138282738411306,9,9,18,"IT","Non superato",0
"CdS1",2016,"M",1.50019340578988,57,60,30,"LS","EsameMatematica",31
"CdS1",2016,"M",0.626339462215913,21,24,22,"LS","EsameMatematica",21
"CdS1",2016,"M",0.844802948109404,57,60,29,"LS","EsameMatematica",31
"CdS1",2016,"M",-0.848289067565152,33,33,22,"IP","Non superato",0
"CdS1",2016,"M",0.571723590742541,57,60,30,"LS","EsameMatematica",31
"CdS1",2016,"M",0.298644233375677,9,9,22,"LS","Non superato",0
"CdS1",2016,"M",-0.02905099546456,45,48,26,"LS","EsameMatematica",22
"CdS1",2016,"M",0.626339462215913,57,57,28,"LS","EsameMatematica",31
"CdS1",2016,"M",0.0255648760088128,57,60,28,"LS","EsameMatematica",27
"CdS1",2016,"F",-0.02905099546456,18,21,30,"LS","EsameMatematica",31
"CdS1",2016,"M",0.735571205162659,45,48,24,"LS","EsameMatematica",24
"CdS1",2016,"M",0.134796618955558,33,33,22,"LS","EsameMatematica",23
"CdS1",2016,"F",0.571723590742541,33,36,25,"LS","EsameMatematica",28
"CdS1",2016,"M",-0.411362095778169,12,12,18,"LS","EsameMatematica",18
"CdS1",2016,"M",0.35326010484905,27,27,25,"LS","EsameMatematica",20
"CdS1",2016,"M",0.35326010484905,18,18,21,"LS","EsameMatematica",22
"CdS1",2016,"M",-1.17598429640539,0,3,0,"IT","Non superato",0
"CdS1",2016,"F",0.189412490428931,15,15,23,"Altro","Non superato",0
"CdS1",2016,"M",0.571723590742541,24,24,25,"LC","EsameMatematica",25
"CdS1",2016,"M",0.462491847795795,57,57,22,"LS","EsameMatematica",22
"CdS1",2016,"M",-1.77675888261249,9,12,21,"LS","Non superato",0
"CdS1",2016,"F",-2.10445411145273,0,3,0,"TC","Non superato",0
"CdS1",2016,"M",1.55480927726325,27,27,23,"IT","EsameMatematica",25
"CdS1",2016,"M",0.134796618955558,33,36,25,"LS","EsameMatematica",25
"CdS1",2016,"M",0.95403469105615,33,33,21,"LS","EsameMatematica",18
"CdS1",2016,"F",1.17249817694964,39,42,27,"LS","EsameMatematica",26
"CdS1",2016,"M",-0.411362095778169,0,3,0,"LC","Non superato",0
"CdS1",2016,"M",0.462491847795795,27,30,23,"LS","EsameMatematica",20
"CdS1",2016,"F",-0.192898609884678,18,21,25,"LS","Non superato",0
"CdS1",2016,"M",-1.33983191082551,0,3,0,"LS","Non superato",0
"CdS1",2016,"M",-0.247514481358051,24,24,27,"LC","EsameMatematica",28
"CdS1",2016,"F",-1.17598429640539,6,6,21,"Altro","Non superato",0
"CdS2",2016,"M",-0.356746224304797,24,36,29,"LS","EsameMatematica",26
"CdS2",2016,"F",0.0801807474821856,45,51,25,"LS","EsameMatematica",23
"CdS2",2016,"M",-0.247514481358051,36,48,30,"TC","EsameMatematica",30
"CdS2",2016,"M",0.189412490428931,57,60,27,"LS","EsameMatematica",25
"CdS2",2016,"M",0.189412490428931,33,33,26,"IT","EsameMatematica",26
"CdS2",2016,"M",-0.902904939038524,24,27,27,"TC","EsameMatematica",26
"CdS2",2016,"M",-0.247514481358051,12,12,18,"Altro","Non superato",0
"CdS2",2016,"M",-1.12136842493202,24,24,24,"Altro","EsameMatematica",28
"CdS2",2016,"M",0.680955333689286,36,36,28,"LS","EsameMatematica",28
"CdS2",2016,"M",-1.39444778229888,48,51,28,"Altro","EsameMatematica",28
"CdS2",2016,"M",-0.465977967251542,36,36,25,"IT","EsameMatematica",24
"CdS2",2016,"M",0.95403469105615,57,60,31,"LS","EsameMatematica",31
"CdS2",2016,"M",-1.44906365377225,12,12,25,"IT","Non superato",0
"CdS2",2016,"M",-1.83137475408586,24,24,24,"IT","EsameMatematica",24
"CdS2",2016,"M",-1.06675255345864,0,3,0,"LS","Non superato",0
"CdS2",2016,"M",-1.77675888261249,12,12,20,"TC","Non superato",0
"CdS2",2016,"M",-1.01213668198527,12,12,26,"IT","Non superato",0
"CdS2",2016,"M",0.626339462215913,45,45,26,"LS","EsameMatematica",31
"CdS2",2016,"M",-0.520593838724915,33,33,23,"LS","EsameMatematica",23
"CdS2",2016,"F",-0.684441453145033,24,24,24,"LS","EsameMatematica",23
"CdS2",2016,"M",-1.83137475408586,24,24,26,"IP","Non superato",0
"CdS2",2016,"M",0.189412490428931,45,48,26,"TC","EsameMatematica",26
"CdS2",2016,"M",1.28172991989639,45,48,29,"IT","EsameMatematica",28
"CdS2",2016,"M",-1.01213668198527,0,3,0,"IT","Non superato",0
"CdS2",2016,"M",0.0255648760088128,12,12,26,"TC","EsameMatematica",20
"CdS2",2016,"M",-0.739057324618406,36,39,27,"TC","EsameMatematica",27
"CdS2",2016,"M",0.0801807474821856,45,48,29,"IT","EsameMatematica",31
"CdS2",2016,"M",0.298644233375677,48,48,30,"IT","EsameMatematica",31
"CdS2",2016,"M",0.571723590742541,36,36,25,"LS","EsameMatematica",23
"CdS2",2016,"M",0.571723590742541,12,12,25,"IP","EsameMatematica",21
"CdS2",2016,"M",-0.793673196091779,45,48,27,"LS","EsameMatematica",31
"CdS2",2016,"M",0.244028361902304,12,15,26,"LS","EsameMatematica",25
"CdS2",2016,"M",-1.33983191082551,12,12,30,"IT","Non superato",0
"CdS2",2016,"M",0.35326010484905,21,21,29,"IT","EsameMatematica",31
"CdS2",2016,"M",-1.17598429640539,24,24,28,"IT","EsameMatematica",24
"CdS2",2016,"M",-1.77675888261249,12,15,20,"IT","Non superato",0
"CdS2",2016,"M",-0.684441453145033,36,36,28,"IT","EsameMatematica",29
"CdS2",2016,"M",1.0632664340029,45,48,24,"LS","EsameMatematica",30
"CdS2",2016,"M",-0.02905099546456,9,9,19,"LS","EsameMatematica",25
"CdS2",2016,"M",-0.02905099546456,24,24,22,"LS","EsameMatematica",20
"CdS2",2016,"F",-0.0836668669379327,12,15,27,"Altro","EsameMatematica",28
"CdS2",2016,"M",-0.793673196091779,24,27,22,"TC","EsameMatematica",23
"CdS2",2016,"F",-0.629825581671661,24,24,27,"LS","EsameMatematica",27
"CdS2",2016,"M",-0.247514481358051,57,60,27,"IT","EsameMatematica",26
"CdS2",2016,"F",-1.33983191082551,21,21,24,"Altro","EsameMatematica",29
"CdS2",2016,"M",-1.44906365377225,12,15,25,"LS","Non superato",0
"CdS2",2016,"F",-1.83137475408586,12,12,20,"IT","Non superato",0
"CdS2",2016,"M",0.35326010484905,36,36,30,"LS","EsameMatematica",31
"CdS2",2016,"M",0.35326010484905,33,33,29,"LS","EsameMatematica",31
"CdS2",2016,"M",-1.99522236850598,24,27,27,"IT","Non superato",0
"CdS2",2016,"M",0.844802948109404,12,12,26,"LS","Non superato",0
"CdS2",2016,"M",1.0632664340029,36,39,26,"LS","EsameMatematica",30
"CdS2",2016,"F",0.517107719269168,12,12,24,"LS","EsameMatematica",24
"CdS2",2016,"M",-1.83137475408586,0,3,0,"Altro","Non superato",0
"CdS2",2016,"M",-0.848289067565152,36,36,26,"IT","EsameMatematica",22
"CdS2",2016,"M",-0.192898609884678,21,21,24,"LS","EsameMatematica",26
"CdS2",2016,"M",1.88250450610349,45,45,24,"IT","EsameMatematica",31
"CdS2",2016,"M",0.0255648760088128,24,24,22,"LS","EsameMatematica",20
"CdS2",2016,"M",-0.793673196091779,12,12,29,"TC","EsameMatematica",27
"CdS2",2016,"F",-0.356746224304797,45,48,27,"Altro","EsameMatematica",24
"CdS2",2016,"M",0.735571205162659,36,42,30,"LS","EsameMatematica",30
"CdS2",2016,"M",-0.793673196091779,0,3,0,"LS","EsameMatematica",23
"CdS2",2016,"M",-2.21368585439947,0,3,0,"Altro","Non superato",0
"CdS2",2016,"F",-0.465977967251542,33,36,25,"Altro","EsameMatematica",25
"CdS2",2016,"M",0.844802948109404,33,33,29,"IT","EsameMatematica",29
"CdS2",2016,"M",-2.1590699829261,12,15,22,"LS","Non superato",0
"CdS2",2016,"M",-1.99522236850598,12,12,21,"LS","EsameMatematica",21
"CdS2",2016,"M",0.134796618955558,57,60,25,"IT","EsameMatematica",25
"CdS2",2016,"M",0.462491847795795,33,33,23,"TC","EsameMatematica",24
"CdS2",2016,"M",0.462491847795795,33,36,28,"TC","EsameMatematica",31
"CdS2",2016,"M",-1.39444778229888,21,21,25,"IP","Non superato",0
"CdS2",2016,"M",0.735571205162659,33,33,30,"IT","EsameMatematica",31
"CdS2",2016,"M",-1.33983191082551,12,12,25,"LS","Non superato",0
"CdS2",2016,"M",-0.629825581671661,48,48,27,"IT","EsameMatematica",30
"CdS2",2016,"M",0.407875976322422,12,12,31,"LS","EsameMatematica",31
"CdS2",2016,"M",0.134796618955558,12,12,21,"IT","Non superato",0
"CdS2",2016,"M",-2.04983823997935,0,3,0,"TC","Non superato",0
"CdS2",2016,"M",-0.902904939038524,24,24,29,"Altro","EsameMatematica",28
"CdS2",2016,"M",-1.33983191082551,0,3,0,"TC","Non superato",0
"CdS2",2016,"M",-1.12136842493202,24,24,27,"TC","EsameMatematica",29
"CdS2",2016,"M",-1.72214301113912,9,9,24,"LS","Non superato",0
"CdS2",2016,"M",-1.44906365377225,0,6,0,"LS","Non superato",0
"CdS2",2016,"M",0.0801807474821856,57,57,26,"LS","EsameMatematica",28
"CdS2",2016,"M",2.10096799199698,33,33,26,"Altro","EsameMatematica",28
"CdS2",2016,"M",-1.17598429640539,36,36,30,"IT","EsameMatematica",30
"CdS2",2016,"M",-0.411362095778169,24,24,24,"IT","EsameMatematica",27
"CdS3",2016,"F",-0.0836668669379327,0,3,0,"LS","Non superato",0
"CdS3",2016,"F",0.95403469105615,42,45,22,"LS","EsameMatematica",20
"CdS3",2016,"M",0.517107719269168,30,33,24,"IT","EsameMatematica",23
"CdS3",2016,"F",-0.0836668669379327,48,51,21,"LS","EsameMatematica",23
"CdS3",2016,"M",0.0801807474821856,48,51,23,"LS","EsameMatematica",22
"CdS3",2016,"F",0.0801807474821856,18,21,22,"LS","Non superato",0
"CdS3",2016,"M",0.790187076636032,48,51,26,"LS","EsameMatematica",24
"CdS3",2016,"M",0.407875976322422,57,60,30,"LS","EsameMatematica",30
"CdS3",2016,"F",1.39096166284313,48,51,24,"IT","EsameMatematica",22
"CdS3",2016,"M",0.735571205162659,39,42,28,"LS","EsameMatematica",30
"CdS3",2016,"M",0.844802948109404,0,3,0,"LS","Non superato",0
"CdS3",2016,"F",1.0632664340029,48,51,25,"LS","EsameMatematica",30
"CdS3",2016,"F",-0.0836668669379327,33,36,25,"LS","EsameMatematica",25
"CdS3",2016,"F",-1.06675255345864,39,42,22,"LC","EsameMatematica",23
"CdS3",2016,"F",1.39096166284313,48,51,26,"LS","EsameMatematica",23
"CdS3",2016,"M",2.15558386347035,48,51,29,"LS","EsameMatematica",26
"CdS3",2016,"M",1.93712037757686,0,3,0,"LS","Non superato",0
"CdS3",2016,"F",0.0801807474821856,39,42,20,"LS","EsameMatematica",20
"CdS3",2016,"M",1.00865056252952,0,3,0,"LS","Non superato",0
"CdS3",2016,"F",0.244028361902304,48,51,28,"LS","EsameMatematica",28
"CdS3",2016,"M",0.517107719269168,9,12,24,"LS","Non superato",0
"CdS3",2016,"M",2.10096799199698,57,60,31,"LS","EsameMatematica",31
"CdS3",2016,"F",0.298644233375677,48,51,28,"LS","EsameMatematica",30
"CdS3",2016,"M",1.33634579136976,57,60,30,"LS","EsameMatematica",28
"CdS3",2016,"M",-0.793673196091779,24,24,22,"LS","EsameMatematica",20
"CdS3",2016,"M",1.11788230547627,48,51,29,"LS","EsameMatematica",30
"CdS3",2016,"M",0.0801807474821856,48,51,27,"IT","EsameMatematica",28
"CdS3",2016,"M",1.0632664340029,24,24,24,"LS","EsameMatematica",24
"CdS3",2016,"M",2.37404734936384,57,57,30,"LS","EsameMatematica",30
"CdS3",2016,"F",0.790187076636032,48,51,27,"LC","EsameMatematica",24
"CdS3",2016,"F",0.0801807474821856,15,18,26,"LS","Non superato",0
"CdS3",2016,"F",0.790187076636032,30,33,21,"LS","EsameMatematica",20
"CdS3",2016,"M",2.15558386347035,48,51,30,"LS","EsameMatematica",30
"CdS3",2016,"M",-1.17598429640539,15,15,18,"LC","Non superato",0
"CdS3",2016,"F",-0.848289067565152,0,3,0,"LS","Non superato",0
"CdS3",2016,"F",-0.302130352831424,0,3,0,"LS","Non superato",0
"CdS3",2016,"M",-0.302130352831424,39,39,28,"TC","EsameMatematica",28
"CdS3",2016,"F",1.17249817694964,48,51,25,"LS","EsameMatematica",24
"CdS3",2016,"F",-0.848289067565152,0,3,0,"LC","Non superato",0
"CdS3",2016,"F",0.735571205162659,15,18,27,"LS","EsameMatematica",27
"CdS3",2016,"M",1.11788230547627,39,39,24,"Altro","EsameMatematica",24
"CdS3",2016,"F",-0.247514481358051,15,18,18,"LS","EsameMatematica",18
"CdS3",2016,"M",-0.138282738411306,0,3,0,"Altro","Non superato",0
